"","ONTOLOGY","ID","Description","setSize","enrichmentScore","NES","pvalue","p.adjust","qvalue","rank","leading_edge","core_enrichment"
"GO:0023023","MF","GO:0023023","MHC protein complex binding",20,0.920458624111931,3.40925666456851,1e-10,2.19375e-08,2.01315789473684e-08,27,"tags=70%, list=2%, signal=70%","HLA-DRB1/HLA-DRB5/HLA-DRA/HLA-DQA1/HLA-DQB1/HLA-DMA/HLA-DMB/HLA-DQA2/CD74/HLA-DPA1/CD160/HLA-DPB1/KLRC2/LILRB1"
"GO:0042277","MF","GO:0042277","peptide binding",32,0.759873926847072,3.24163677645002,1e-10,2.19375e-08,2.01315789473684e-08,22,"tags=34%, list=2%, signal=35%","HLA-DRB1/HLA-DRB5/HLA-DRA/HLA-DQA1/HLA-DQB1/HLA-DMA/HLA-DMB/HLA-DQA2/CD74/HLA-DPA1/HLA-DPB1"
"GO:0033218","MF","GO:0033218","amide binding",39,0.702900106646142,3.17365731196195,1e-10,2.19375e-08,2.01315789473684e-08,22,"tags=28%, list=2%, signal=29%","HLA-DRB1/HLA-DRB5/HLA-DRA/HLA-DQA1/HLA-DQB1/HLA-DMA/HLA-DMB/HLA-DQA2/CD74/HLA-DPA1/HLA-DPB1"
"GO:0048002","BP","GO:0048002","antigen processing and presentation of peptide antigen",17,0.910052292401542,3.15505143425639,1e-10,2.19375e-08,2.01315789473684e-08,22,"tags=65%, list=2%, signal=64%","HLA-DRB1/HLA-DRB5/HLA-DRA/HLA-DQA1/HLA-DQB1/HLA-DMA/HLA-DMB/HLA-DQA2/CD74/HLA-DPA1/HLA-DPB1"
"GO:0019884","BP","GO:0019884","antigen processing and presentation of exogenous antigen",14,0.958889353126258,3.13570880950866,1e-10,2.19375e-08,2.01315789473684e-08,22,"tags=79%, list=2%, signal=78%","HLA-DRB1/HLA-DRB5/HLA-DRA/HLA-DQA1/HLA-DQB1/HLA-DMA/HLA-DMB/HLA-DQA2/CD74/HLA-DPA1/HLA-DPB1"
"GO:0019882","BP","GO:0019882","antigen processing and presentation",25,0.799618945571458,3.13358089825785,1e-10,2.19375e-08,2.01315789473684e-08,69,"tags=52%, list=6%, signal=50%","HLA-DRB1/HLA-DRB5/HLA-DRA/HLA-DQA1/HLA-DQB1/HLA-DMA/HLA-DMB/HLA-DQA2/CD74/HLA-DPA1/HLA-DPB1/PYCARD/RFTN1"
"GO:0023026","MF","GO:0023026","MHC class II protein complex binding",14,0.952063637337026,3.11338771786058,1e-10,2.19375e-08,2.01315789473684e-08,22,"tags=79%, list=2%, signal=78%","HLA-DRB1/HLA-DRB5/HLA-DRA/HLA-DQA1/HLA-DQB1/HLA-DMA/HLA-DMB/HLA-DQA2/CD74/HLA-DPA1/HLA-DPB1"
"GO:0002478","BP","GO:0002478","antigen processing and presentation of exogenous peptide antigen",13,0.968108552824101,3.08407630040541,1e-10,2.19375e-08,2.01315789473684e-08,22,"tags=85%, list=2%, signal=84%","HLA-DRB1/HLA-DRB5/HLA-DRA/HLA-DQA1/HLA-DQB1/HLA-DMA/HLA-DMB/HLA-DQA2/CD74/HLA-DPA1/HLA-DPB1"
"GO:0098797","CC","GO:0098797","plasma membrane protein complex",55,0.624721389244174,3.079368675128,1e-10,2.19375e-08,2.01315789473684e-08,22,"tags=22%, list=2%, signal=22%","HLA-DRB1/HLA-DRB5/HLA-DRA/HLA-DQA1/HLA-DQB1/HLA-DMA/HLA-DMB/HLA-DQA2/FCGR3A/CD74/HLA-DPA1/HLA-DPB1"
"GO:0042611","CC","GO:0042611","MHC protein complex",12,0.983186530161776,3.07665950239792,1e-10,2.19375e-08,2.01315789473684e-08,22,"tags=92%, list=2%, signal=91%","HLA-DRB1/HLA-DRB5/HLA-DRA/HLA-DQA1/HLA-DQB1/HLA-DMA/HLA-DMB/HLA-DQA2/CD74/HLA-DPA1/HLA-DPB1"
"GO:0019886","BP","GO:0019886","antigen processing and presentation of exogenous peptide antigen via MHC class II",12,0.975575773856588,3.05284336477962,1e-10,2.19375e-08,2.01315789473684e-08,22,"tags=92%, list=2%, signal=91%","HLA-DRB1/HLA-DRB5/HLA-DRA/HLA-DQA1/HLA-DQB1/HLA-DMA/HLA-DMB/HLA-DQA2/CD74/HLA-DPA1/HLA-DPB1"
"GO:0002396","BP","GO:0002396","MHC protein complex assembly",13,0.957231231169838,3.04942472148077,1e-10,2.19375e-08,2.01315789473684e-08,22,"tags=77%, list=2%, signal=76%","HLA-DRB1/HLA-DRB5/HLA-DRA/HLA-DQA1/HLA-DQB1/HLA-DMA/HLA-DMB/HLA-DQA2/HLA-DPA1/HLA-DPB1"
"GO:0002501","BP","GO:0002501","peptide antigen assembly with MHC protein complex",13,0.957231231169838,3.04942472148077,1e-10,2.19375e-08,2.01315789473684e-08,22,"tags=77%, list=2%, signal=76%","HLA-DRB1/HLA-DRB5/HLA-DRA/HLA-DQA1/HLA-DQB1/HLA-DMA/HLA-DMB/HLA-DQA2/HLA-DPA1/HLA-DPB1"
"GO:0098576","CC","GO:0098576","lumenal side of membrane",15,0.912050009149023,3.04156726701608,1e-10,2.19375e-08,2.01315789473684e-08,22,"tags=60%, list=2%, signal=60%","HLA-DRB1/HLA-DRB5/HLA-DRA/HLA-DQA1/HLA-DQB1/HLA-DQA2/CD74/HLA-DPA1/HLA-DPB1"
"GO:0042605","MF","GO:0042605","peptide antigen binding",12,0.967979129800899,3.02907138824895,1e-10,2.19375e-08,2.01315789473684e-08,22,"tags=83%, list=2%, signal=83%","HLA-DRB1/HLA-DRB5/HLA-DRA/HLA-DQA1/HLA-DQB1/HLA-DMA/HLA-DMB/HLA-DQA2/HLA-DPA1/HLA-DPB1"
"GO:0002495","BP","GO:0002495","antigen processing and presentation of peptide antigen via MHC class II",13,0.950001320044649,3.02639259611612,1e-10,2.19375e-08,2.01315789473684e-08,22,"tags=85%, list=2%, signal=84%","HLA-DRB1/HLA-DRB5/HLA-DRA/HLA-DQA1/HLA-DQB1/HLA-DMA/HLA-DMB/HLA-DQA2/CD74/HLA-DPA1/HLA-DPB1"
"GO:0002504","BP","GO:0002504","antigen processing and presentation of peptide or polysaccharide antigen via MHC class II",13,0.950001320044649,3.02639259611612,1e-10,2.19375e-08,2.01315789473684e-08,22,"tags=85%, list=2%, signal=84%","HLA-DRB1/HLA-DRB5/HLA-DRA/HLA-DQA1/HLA-DQB1/HLA-DMA/HLA-DMB/HLA-DQA2/CD74/HLA-DPA1/HLA-DPB1"
"GO:0030134","CC","GO:0030134","COPII-coated ER to Golgi transport vesicle",16,0.879442148721424,3.00485562701121,1e-10,2.19375e-08,2.01315789473684e-08,22,"tags=56%, list=2%, signal=56%","HLA-DRB1/HLA-DRB5/HLA-DRA/HLA-DQA1/HLA-DQB1/HLA-DQA2/CD74/HLA-DPA1/HLA-DPB1"
"GO:0042613","CC","GO:0042613","MHC class II protein complex",11,0.990886495443248,3.00276976765119,1e-10,2.19375e-08,2.01315789473684e-08,22,"tags=100%, list=2%, signal=99%","HLA-DRB1/HLA-DRB5/HLA-DRA/HLA-DQA1/HLA-DQB1/HLA-DMA/HLA-DMB/HLA-DQA2/CD74/HLA-DPA1/HLA-DPB1"
"GO:0098553","CC","GO:0098553","lumenal side of endoplasmic reticulum membrane",12,0.958458494282715,2.99927871632222,1e-10,2.19375e-08,2.01315789473684e-08,22,"tags=75%, list=2%, signal=74%","HLA-DRB1/HLA-DRB5/HLA-DRA/HLA-DQA1/HLA-DQB1/HLA-DQA2/CD74/HLA-DPA1/HLA-DPB1"
"GO:0012507","CC","GO:0012507","ER to Golgi transport vesicle membrane",15,0.898626346938558,2.99680111255825,1e-10,2.19375e-08,2.01315789473684e-08,22,"tags=60%, list=2%, signal=60%","HLA-DRB1/HLA-DRB5/HLA-DRA/HLA-DQA1/HLA-DQB1/HLA-DQA2/CD74/HLA-DPA1/HLA-DPB1"
"GO:0002399","BP","GO:0002399","MHC class II protein complex assembly",10,0.990066225165563,2.96106219138014,1e-10,2.19375e-08,2.01315789473684e-08,22,"tags=100%, list=2%, signal=99%","HLA-DRB1/HLA-DRB5/HLA-DRA/HLA-DQA1/HLA-DQB1/HLA-DMA/HLA-DMB/HLA-DQA2/HLA-DPA1/HLA-DPB1"
"GO:0002503","BP","GO:0002503","peptide antigen assembly with MHC class II protein complex",10,0.990066225165563,2.96106219138014,1e-10,2.19375e-08,2.01315789473684e-08,22,"tags=100%, list=2%, signal=99%","HLA-DRB1/HLA-DRB5/HLA-DRA/HLA-DQA1/HLA-DQB1/HLA-DMA/HLA-DMB/HLA-DQA2/HLA-DPA1/HLA-DPB1"
"GO:0032395","MF","GO:0032395","MHC class II receptor activity",7,0.987613542526837,2.64245354337261,1e-10,2.19375e-08,2.01315789473684e-08,22,"tags=100%, list=2%, signal=99%","HLA-DRB1/HLA-DRA/HLA-DQA1/HLA-DQB1/HLA-DQA2/HLA-DPA1/HLA-DPB1"
"GO:0002699","BP","GO:0002699","positive regulation of immune effector process",35,0.698814924843591,3.06549342777621,1.51329471082883e-10,3.18699866100552e-08,2.92464114640182e-08,161,"tags=60%, list=13%, signal=54%","HLA-DRB1/HLA-DRA/HLA-DMB/CD74/CD160/HLA-DPB1/IFNG/KLRC2/LILRB1/CD244/PYCARD/FGR/GPI/SH2D1A/SPON2/ITGB2/SLAMF6/CRTAM/IL12RB1/CD81/TBX21"
"GO:0005770","CC","GO:0005770","late endosome",43,0.66602148585077,3.05910268099217,2.86977791571645e-10,5.81130027932582e-08,5.33290713892248e-08,22,"tags=26%, list=2%, signal=26%","HLA-DRB1/HLA-DRB5/HLA-DRA/HLA-DQA1/HLA-DQB1/HLA-DMA/HLA-DMB/HLA-DQA2/CD74/HLA-DPA1/HLA-DPB1"
"GO:0031902","CC","GO:0031902","late endosome membrane",30,0.738644172110709,3.07601065047146,4.17169506203264e-10,8.13480537096365e-08,7.46513853205841e-08,22,"tags=33%, list=2%, signal=34%","HLA-DRB1/HLA-DRB5/HLA-DRA/HLA-DQA1/HLA-DQB1/HLA-DMA/HLA-DMB/HLA-DQA2/HLA-DPA1/HLA-DPB1"
"GO:0002263","BP","GO:0002263","cell activation involved in immune response",52,0.615263859087649,2.98244135250717,5.19702700442072e-10,9.43529213043969e-08,8.65856767705667e-08,164,"tags=50%, list=13%, signal=45%","HLA-DRB1/HLA-DRA/HLA-DMB/FCGR3A/CD74/CX3CR1/IFNG/KLRC2/LILRB1/ASCL2/LGALS1/CCL3/NKG7/CD244/BATF/PYCARD/FGR/ADA/NCKAP1L/IFI35/ITGB2/SLAMF6/IL12RB1/CD81/TBX21/CORO1A"
"GO:0002366","BP","GO:0002366","leukocyte activation involved in immune response",52,0.615263859087649,2.98244135250717,5.19702700442072e-10,9.43529213043969e-08,8.65856767705667e-08,164,"tags=50%, list=13%, signal=45%","HLA-DRB1/HLA-DRA/HLA-DMB/FCGR3A/CD74/CX3CR1/IFNG/KLRC2/LILRB1/ASCL2/LGALS1/CCL3/NKG7/CD244/BATF/PYCARD/FGR/ADA/NCKAP1L/IFI35/ITGB2/SLAMF6/IL12RB1/CD81/TBX21/CORO1A"
"GO:0032588","CC","GO:0032588","trans-Golgi network membrane",21,0.795774473705542,2.98042205640122,8.5237864751859e-10,1.49592452639513e-07,1.37277824284573e-07,22,"tags=43%, list=2%, signal=43%","HLA-DRB1/HLA-DRB5/HLA-DRA/HLA-DQA1/HLA-DQB1/HLA-DQA2/CD74/HLA-DPA1/HLA-DPB1"
"GO:0005802","CC","GO:0005802","trans-Golgi network",26,0.741209951131977,2.92622539872825,1.72111839352724e-09,2.9231252715874e-07,2.68249012777251e-07,22,"tags=35%, list=2%, signal=35%","HLA-DRB1/HLA-DRB5/HLA-DRA/HLA-DQA1/HLA-DQB1/HLA-DQA2/CD74/HLA-DPA1/HLA-DPB1"
"GO:0030658","CC","GO:0030658","transport vesicle membrane",29,0.717232774138563,2.94318365955598,3.06723726307907e-09,4.78885257275799e-07,4.39462854180221e-07,22,"tags=31%, list=2%, signal=31%","HLA-DRB1/HLA-DRB5/HLA-DRA/HLA-DQA1/HLA-DQB1/HLA-DQA2/CD74/HLA-DPA1/HLA-DPB1"
"GO:0000323","CC","GO:0000323","lytic vacuole",105,0.474071395051835,2.69063096216014,3.09251638126822e-09,4.78885257275799e-07,4.39462854180221e-07,304,"tags=47%, list=25%, signal=38%","HLA-DRB1/HLA-DRB5/HLA-DRA/HLA-DQA1/HLA-DQB1/HLA-DMA/HLA-DMB/HLA-DQA2/CD74/FABP5/GZMB/HLA-DPA1/GZMH/HLA-DPB1/PRF1/NKG7/CMC1/PYCARD/ADA/LAP3/RAB37/SYNGR1/PLEKHF1/CTSC/CHMP1A/ATP6V1D/ANXA6/SLC15A4/GNAI3/GYG1/LRMP/LPCAT1/CLTC/AP1S1/STARD3NL/EBP/PLA2G16/CD63/TOLLIP/CST7/CTSD/SRGN/CAP1/MAPK1/CCDC115/ATP6V0D1/BBC3/SERPINB1/SHKBP1"
"GO:0005764","CC","GO:0005764","lysosome",105,0.474071395051835,2.69063096216014,3.09251638126822e-09,4.78885257275799e-07,4.39462854180221e-07,304,"tags=47%, list=25%, signal=38%","HLA-DRB1/HLA-DRB5/HLA-DRA/HLA-DQA1/HLA-DQB1/HLA-DMA/HLA-DMB/HLA-DQA2/CD74/FABP5/GZMB/HLA-DPA1/GZMH/HLA-DPB1/PRF1/NKG7/CMC1/PYCARD/ADA/LAP3/RAB37/SYNGR1/PLEKHF1/CTSC/CHMP1A/ATP6V1D/ANXA6/SLC15A4/GNAI3/GYG1/LRMP/LPCAT1/CLTC/AP1S1/STARD3NL/EBP/PLA2G16/CD63/TOLLIP/CST7/CTSD/SRGN/CAP1/MAPK1/CCDC115/ATP6V0D1/BBC3/SERPINB1/SHKBP1"
"GO:0005773","CC","GO:0005773","vacuole",108,0.461641384328031,2.64197114578557,1.29291549154433e-08,1.94491430370883e-06,1.78480664847774e-06,304,"tags=45%, list=25%, signal=37%","HLA-DRB1/HLA-DRB5/HLA-DRA/HLA-DQA1/HLA-DQB1/HLA-DMA/HLA-DMB/HLA-DQA2/CD74/FABP5/GZMB/HLA-DPA1/GZMH/HLA-DPB1/PRF1/NKG7/CMC1/PYCARD/ADA/LAP3/RAB37/SYNGR1/PLEKHF1/CTSC/CHMP1A/ATP6V1D/ANXA6/SLC15A4/GNAI3/GYG1/LRMP/LPCAT1/CLTC/AP1S1/STARD3NL/EBP/PLA2G16/CD63/TOLLIP/CST7/CTSD/SRGN/CAP1/MAPK1/CCDC115/ATP6V0D1/BBC3/SERPINB1/SHKBP1"
"GO:0050778","BP","GO:0050778","positive regulation of immune response",101,0.464926517278361,2.61186730015702,1.89773081677748e-08,2.77543131953707e-06,2.54695451725399e-06,148,"tags=30%, list=12%, signal=28%","HLA-DRB1/HLA-DRB5/HLA-DRA/HLA-DQA1/HLA-DQB1/HLA-DMA/HLA-DMB/HLA-DQA2/CD74/HLA-DPA1/CD160/HLA-DPB1/IFNG/KLRC2/LILRB1/POP4/PYCARD/RFTN1/FGR/ADA/NCKAP1L/SH2D1A/GBP1/IFI35/CD8A/ITGB2/SLAMF6/CRTAM/IL12RB1/CD81"
"GO:0030133","CC","GO:0030133","transport vesicle",44,0.612399865666836,2.82519956647944,2.55310394729088e-08,3.63299791418554e-06,3.33392521139834e-06,22,"tags=20%, list=2%, signal=21%","HLA-DRB1/HLA-DRB5/HLA-DRA/HLA-DQA1/HLA-DQB1/HLA-DQA2/CD74/HLA-DPA1/HLA-DPB1"
"GO:0044877","MF","GO:0044877","protein-containing complex binding",183,0.374129388527515,2.32226121320648,3.83666957453085e-08,5.31580666050129e-06,4.87820314324005e-06,172,"tags=24%, list=14%, signal=24%","HLA-DRB1/HLA-DRB5/HLA-DRA/HLA-DQA1/HLA-DQB1/HLA-DMA/HLA-DMB/HLA-DQA2/FCGR3A/CD74/HLA-DPA1/CD160/HLA-DPB1/KLRC2/LILRB1/COTL1/GPR56/TOX/ABI3/SMC4/CMC1/HIST1H1C/FGR/NCKAP1L/BAK1/TFPT/ANKRD32/DYNLL1/GAR1/GBP1/CD8A/ITGB2/ACTB/ITGB7/SRRT/NME1/CD81/DCTN2/CORO1A/FLNA/ACTN4/TWF2/PPP1CA/TPM4"
"GO:0010008","CC","GO:0010008","endosome membrane",64,0.540040884331309,2.76328150703161,6.92123497294042e-08,9.34366721346957e-06,8.57448543206384e-06,22,"tags=16%, list=2%, signal=16%","HLA-DRB1/HLA-DRB5/HLA-DRA/HLA-DQA1/HLA-DQB1/HLA-DMA/HLA-DMB/HLA-DQA2/HLA-DPA1/HLA-DPB1"
"GO:0002285","BP","GO:0002285","lymphocyte activation involved in immune response",39,0.629171022262334,2.84076385306719,7.81407227274365e-08,1.02852726289988e-05,9.43857677155088e-06,164,"tags=51%, list=13%, signal=46%","HLA-DRB1/HLA-DRA/HLA-DMB/FCGR3A/CD74/IFNG/KLRC2/LILRB1/ASCL2/LGALS1/NKG7/CD244/BATF/ADA/NCKAP1L/SLAMF6/IL12RB1/CD81/TBX21/CORO1A"
"GO:0098791","CC","GO:0098791","Golgi apparatus subcompartment",36,0.653758110295314,2.89241494786439,8.77076417622906e-08,1.12629447287429e-05,1.0335765742976e-05,22,"tags=25%, list=2%, signal=25%","HLA-DRB1/HLA-DRB5/HLA-DRA/HLA-DQA1/HLA-DQB1/HLA-DQA2/CD74/HLA-DPA1/HLA-DPB1"
"GO:0005765","CC","GO:0005765","lysosomal membrane",65,0.537564095378223,2.75847076764093,1.18707546776547e-07,1.45347728785703e-05,1.33382531139376e-05,246,"tags=43%, list=20%, signal=36%","HLA-DRB1/HLA-DRB5/HLA-DRA/HLA-DQA1/HLA-DQB1/HLA-DMA/HLA-DMB/HLA-DQA2/CD74/HLA-DPA1/HLA-DPB1/NKG7/CMC1/RAB37/SYNGR1/PLEKHF1/CHMP1A/ATP6V1D/ANXA6/SLC15A4/GNAI3/LRMP/LPCAT1/CLTC/AP1S1/STARD3NL/PLA2G16/CD63"
"GO:0098852","CC","GO:0098852","lytic vacuole membrane",65,0.537564095378223,2.75847076764093,1.18707546776547e-07,1.45347728785703e-05,1.33382531139376e-05,246,"tags=43%, list=20%, signal=36%","HLA-DRB1/HLA-DRB5/HLA-DRA/HLA-DQA1/HLA-DQB1/HLA-DMA/HLA-DMB/HLA-DQA2/CD74/HLA-DPA1/HLA-DPB1/NKG7/CMC1/RAB37/SYNGR1/PLEKHF1/CHMP1A/ATP6V1D/ANXA6/SLC15A4/GNAI3/LRMP/LPCAT1/CLTC/AP1S1/STARD3NL/PLA2G16/CD63"
"GO:0005774","CC","GO:0005774","vacuolar membrane",69,0.518046968279454,2.69047750613562,1.37751303937312e-07,1.64831958006807e-05,1.51262795471834e-05,102,"tags=23%, list=8%, signal=23%","HLA-DRB1/HLA-DRB5/HLA-DRA/HLA-DQA1/HLA-DQB1/HLA-DMA/HLA-DMB/HLA-DQA2/CD74/HLA-DPA1/HLA-DPB1/NKG7/CMC1/RAB37/SYNGR1/PLEKHF1"
"GO:0005615","CC","GO:0005615","extracellular space",313,0.312632429740516,2.10497043542229,1.65367273598871e-07,1.93479710110679e-05,1.77552230600893e-05,282,"tags=34%, list=23%, signal=35%","HLA-DRB1/HLA-DRB5/HLA-DRA/CHI3L2/PRSS23/FCGR3A/CD74/FABP5/IFNG/COTL1/GPR56/TTC38/LGALS1/CCL3/CCL4/IDH2/GZMA/XCL2/CMC1/CLIC3/PDGFD/RFTN1/PSMA5/TMEM2/FGR/PSMB2/NCKAP1L/SUB1/BLVRA/LAP3/GPI/CLIC1/CAT/BPGM/PSMA4/ANXA5/SPON2/HIST1H2BK/MPST/ACTG1/CTSC/DBI/IFI35/ITGB2/ACTB/SLAMF6/PSMB9/ASNA1/ITGB7/NME1/CD81/G6PD/DCTN2/CHMP1A/PSME2/SCAMP2/PFN1/ATP6V1D/GLUL/CORO1A/FLNA/ACTN4/TWF2/PPP1CA/TPM4/TXNDC17/NUDT1/ANXA6/ECH1/WDR1/GNAI3/ARPC4/NMI/PSMB3/TNIK/ARPC2/ATP1B3/GAPDH/PGAM1/MSN/SMS/RSU1/CLTC/TXN/ACAT2/LYPLA1/CCL5/STMN1/EBP/CD63/CSK/LSP1/ACTR1A/TOR1A/SRA1/TOLLIP/VASP/TSTA3/TIMM8B/PSMB4/CST7/CTSD/SLC9A3R1/SRGN/CAP1"
"GO:0006955","BP","GO:0006955","immune response",203,0.351494794869333,2.22253373522564,2.65137413642221e-07,3.03467061483977e-05,2.78485292589884e-05,152,"tags=28%, list=12%, signal=29%","HLA-DRB1/HLA-DRB5/HLA-DRA/HLA-DQA1/HLA-DQB1/HLA-DMA/HLA-DMB/HLA-DQA2/FCGR3A/CD74/GZMB/CX3CR1/HLA-DPA1/CD160/RGS1/HLA-DPB1/IFNG/KLRC2/LILRB1/ASCL2/LGALS1/CCL3/PRF1/FCRL6/POP4/NKG7/CCL4/APOBEC3G/GZMA/XCL2/CD244/BATF/PYCARD/RFTN1/FGR/ADA/NCKAP1L/LAP3/GPI/SH2D1A/UBE2L6/PSMB10/SPON2/HIST1H2BK/ACTG1/GBP1/CTSC/IFI35/CD8A/ITGB2/SLAMF6/ITGB7/CRTAM/IL12RB1/CD81/LYST/EIF4E2"
"GO:0043230","CC","GO:0043230","extracellular organelle",277,0.313348030975786,2.06445345727716,4.15010625607974e-07,4.37006188765197e-05,4.01031320324337e-05,489,"tags=55%, list=40%, signal=43%","HLA-DRB1/HLA-DRB5/HLA-DRA/PRSS23/FCGR3A/CD74/FABP5/COTL1/GPR56/TTC38/LGALS1/IDH2/CMC1/CLIC3/RFTN1/PSMA5/TMEM2/FGR/PSMB2/NCKAP1L/SUB1/BLVRA/LAP3/GPI/CLIC1/CAT/BPGM/PSMA4/ANXA5/SPON2/MPST/ACTG1/CTSC/DBI/ITGB2/ACTB/SLAMF6/PSMB9/ASNA1/ITGB7/NME1/CD81/G6PD/DCTN2/CHMP1A/PSME2/SCAMP2/PFN1/ATP6V1D/GLUL/CORO1A/FLNA/ACTN4/TWF2/PPP1CA/TPM4/TXNDC17/ANXA6/ECH1/WDR1/GNAI3/ARPC4/NMI/PSMB3/TNIK/ARPC2/ATP1B3/GAPDH/PGAM1/MSN/SMS/RSU1/CLTC/TXN/ACAT2/LYPLA1/STMN1/EBP/CD63/CSK/LSP1/ACTR1A/TOR1A/SRA1/TOLLIP/VASP/TSTA3/PSMB4/CTSD/SLC9A3R1/CAP1/MVB12A/WAS/ATP6V0D1/SERPINB1/PSMB6/GNG2/MYL12B/PPP2CA/MYL6/APEH/PSMB8/ARPC1B/ANXA2/OTUB1/SAMM50/RHOG/TAP1/DBNL/LCP1/ATP5B/MDH1/RHOA/TPP1/TGFBR3/RAB8B/RHOC/ACTR3/CAPZB/SH3BGRL3/CALR/MDH2/CAPN1/PDIA3/VDAC3/ARPC3/CHCHD3/HPRT1/STK10/RAB8A/EIF6/PTPN6/STXBP2/ARPC5L/TALDO1/PPP1R7/CD97/TUBB/ERP44/PRKCH/SRI/CFL1/GSTO1/ARHGDIB/GSTP1/ITGAL/RAB11B/PHPT1/PKM/BRK1/MYO1G/GDI2"
"GO:0065010","CC","GO:0065010","extracellular membrane-bounded organelle",277,0.313348030975786,2.06445345727716,4.15010625607974e-07,4.37006188765197e-05,4.01031320324337e-05,489,"tags=55%, list=40%, signal=43%","HLA-DRB1/HLA-DRB5/HLA-DRA/PRSS23/FCGR3A/CD74/FABP5/COTL1/GPR56/TTC38/LGALS1/IDH2/CMC1/CLIC3/RFTN1/PSMA5/TMEM2/FGR/PSMB2/NCKAP1L/SUB1/BLVRA/LAP3/GPI/CLIC1/CAT/BPGM/PSMA4/ANXA5/SPON2/MPST/ACTG1/CTSC/DBI/ITGB2/ACTB/SLAMF6/PSMB9/ASNA1/ITGB7/NME1/CD81/G6PD/DCTN2/CHMP1A/PSME2/SCAMP2/PFN1/ATP6V1D/GLUL/CORO1A/FLNA/ACTN4/TWF2/PPP1CA/TPM4/TXNDC17/ANXA6/ECH1/WDR1/GNAI3/ARPC4/NMI/PSMB3/TNIK/ARPC2/ATP1B3/GAPDH/PGAM1/MSN/SMS/RSU1/CLTC/TXN/ACAT2/LYPLA1/STMN1/EBP/CD63/CSK/LSP1/ACTR1A/TOR1A/SRA1/TOLLIP/VASP/TSTA3/PSMB4/CTSD/SLC9A3R1/CAP1/MVB12A/WAS/ATP6V0D1/SERPINB1/PSMB6/GNG2/MYL12B/PPP2CA/MYL6/APEH/PSMB8/ARPC1B/ANXA2/OTUB1/SAMM50/RHOG/TAP1/DBNL/LCP1/ATP5B/MDH1/RHOA/TPP1/TGFBR3/RAB8B/RHOC/ACTR3/CAPZB/SH3BGRL3/CALR/MDH2/CAPN1/PDIA3/VDAC3/ARPC3/CHCHD3/HPRT1/STK10/RAB8A/EIF6/PTPN6/STXBP2/ARPC5L/TALDO1/PPP1R7/CD97/TUBB/ERP44/PRKCH/SRI/CFL1/GSTO1/ARHGDIB/GSTP1/ITGAL/RAB11B/PHPT1/PKM/BRK1/MYO1G/GDI2"
"GO:0070062","CC","GO:0070062","extracellular exosome",277,0.313348030975786,2.06445345727716,4.15010625607974e-07,4.37006188765197e-05,4.01031320324337e-05,489,"tags=55%, list=40%, signal=43%","HLA-DRB1/HLA-DRB5/HLA-DRA/PRSS23/FCGR3A/CD74/FABP5/COTL1/GPR56/TTC38/LGALS1/IDH2/CMC1/CLIC3/RFTN1/PSMA5/TMEM2/FGR/PSMB2/NCKAP1L/SUB1/BLVRA/LAP3/GPI/CLIC1/CAT/BPGM/PSMA4/ANXA5/SPON2/MPST/ACTG1/CTSC/DBI/ITGB2/ACTB/SLAMF6/PSMB9/ASNA1/ITGB7/NME1/CD81/G6PD/DCTN2/CHMP1A/PSME2/SCAMP2/PFN1/ATP6V1D/GLUL/CORO1A/FLNA/ACTN4/TWF2/PPP1CA/TPM4/TXNDC17/ANXA6/ECH1/WDR1/GNAI3/ARPC4/NMI/PSMB3/TNIK/ARPC2/ATP1B3/GAPDH/PGAM1/MSN/SMS/RSU1/CLTC/TXN/ACAT2/LYPLA1/STMN1/EBP/CD63/CSK/LSP1/ACTR1A/TOR1A/SRA1/TOLLIP/VASP/TSTA3/PSMB4/CTSD/SLC9A3R1/CAP1/MVB12A/WAS/ATP6V0D1/SERPINB1/PSMB6/GNG2/MYL12B/PPP2CA/MYL6/APEH/PSMB8/ARPC1B/ANXA2/OTUB1/SAMM50/RHOG/TAP1/DBNL/LCP1/ATP5B/MDH1/RHOA/TPP1/TGFBR3/RAB8B/RHOC/ACTR3/CAPZB/SH3BGRL3/CALR/MDH2/CAPN1/PDIA3/VDAC3/ARPC3/CHCHD3/HPRT1/STK10/RAB8A/EIF6/PTPN6/STXBP2/ARPC5L/TALDO1/PPP1R7/CD97/TUBB/ERP44/PRKCH/SRI/CFL1/GSTO1/ARHGDIB/GSTP1/ITGAL/RAB11B/PHPT1/PKM/BRK1/MYO1G/GDI2"
"GO:1903561","CC","GO:1903561","extracellular vesicle",277,0.313348030975786,2.06445345727716,4.15010625607974e-07,4.37006188765197e-05,4.01031320324337e-05,489,"tags=55%, list=40%, signal=43%","HLA-DRB1/HLA-DRB5/HLA-DRA/PRSS23/FCGR3A/CD74/FABP5/COTL1/GPR56/TTC38/LGALS1/IDH2/CMC1/CLIC3/RFTN1/PSMA5/TMEM2/FGR/PSMB2/NCKAP1L/SUB1/BLVRA/LAP3/GPI/CLIC1/CAT/BPGM/PSMA4/ANXA5/SPON2/MPST/ACTG1/CTSC/DBI/ITGB2/ACTB/SLAMF6/PSMB9/ASNA1/ITGB7/NME1/CD81/G6PD/DCTN2/CHMP1A/PSME2/SCAMP2/PFN1/ATP6V1D/GLUL/CORO1A/FLNA/ACTN4/TWF2/PPP1CA/TPM4/TXNDC17/ANXA6/ECH1/WDR1/GNAI3/ARPC4/NMI/PSMB3/TNIK/ARPC2/ATP1B3/GAPDH/PGAM1/MSN/SMS/RSU1/CLTC/TXN/ACAT2/LYPLA1/STMN1/EBP/CD63/CSK/LSP1/ACTR1A/TOR1A/SRA1/TOLLIP/VASP/TSTA3/PSMB4/CTSD/SLC9A3R1/CAP1/MVB12A/WAS/ATP6V0D1/SERPINB1/PSMB6/GNG2/MYL12B/PPP2CA/MYL6/APEH/PSMB8/ARPC1B/ANXA2/OTUB1/SAMM50/RHOG/TAP1/DBNL/LCP1/ATP5B/MDH1/RHOA/TPP1/TGFBR3/RAB8B/RHOC/ACTR3/CAPZB/SH3BGRL3/CALR/MDH2/CAPN1/PDIA3/VDAC3/ARPC3/CHCHD3/HPRT1/STK10/RAB8A/EIF6/PTPN6/STXBP2/ARPC5L/TALDO1/PPP1R7/CD97/TUBB/ERP44/PRKCH/SRI/CFL1/GSTO1/ARHGDIB/GSTP1/ITGAL/RAB11B/PHPT1/PKM/BRK1/MYO1G/GDI2"
"GO:0031343","BP","GO:0031343","positive regulation of cell killing",14,0.809115913439474,2.64592769688593,6.07682844279325e-07,6.27343171594245e-05,5.75699536685677e-05,143,"tags=71%, list=12%, signal=64%","HLA-DRB1/HLA-DRA/CD160/IFNG/KLRC2/PRF1/SH2D1A/SLAMF6/CRTAM/IL12RB1"
"GO:0002361","BP","GO:0002361","CD4-positive, CD25-positive, alpha-beta regulatory T cell differentiation",5,0.953717744198501,2.26450633948618,6.3607020567613e-07,6.3186974205374e-05,5.79853474489262e-05,34,"tags=80%, list=3%, signal=78%","HLA-DRB1/HLA-DRA/IFNG/TOX"
"GO:0002376","BP","GO:0002376","immune system process",279,0.307324070585719,2.02652548760303,6.34825073421596e-07,6.3186974205374e-05,5.79853474489262e-05,152,"tags=24%, list=12%, signal=27%","HLA-DRB1/HLA-DRB5/HLA-DRA/HLA-DQA1/HLA-DQB1/HLA-DMA/HLA-DMB/HLA-DQA2/FCGR3A/CD74/GZMB/CX3CR1/HLA-DPA1/CD160/RGS1/HLA-DPB1/IFNG/KLRC2/LILRB1/ASCL2/TOX/LGALS1/CCL3/PRF1/TESC/TIGIT/FCRL6/POP4/NKG7/CCL4/APOBEC3G/GZMA/XCL2/CD244/BATF/PYCARD/PDGFD/RFTN1/FGR/ADA/NCKAP1L/LAP3/GPI/BAK1/SH2D1A/BPGM/UBE2L6/PSMB10/SPON2/HIST1H2BK/PMAIP1/ACTG1/GBP1/CTSC/IFI35/CD8A/ITGB2/ACTB/SLAMF6/PSMB9/ITGB7/CRTAM/IL12RB1/CD81/LYST/G6PD/EIF4E2"
"GO:0046634","BP","GO:0046634","regulation of alpha-beta T cell activation",25,0.691316650316014,2.7091612349551,6.55960115873044e-07,6.39561112976218e-05,5.8691168262325e-05,161,"tags=56%, list=13%, signal=50%","HLA-DRB1/HLA-DRA/CD160/HLA-DPB1/IFNG/LILRB1/ASCL2/BATF/ADA/NCKAP1L/CRTAM/IL12RB1/CD81/TBX21"
"GO:0005576","CC","GO:0005576","extracellular region",364,0.290695683510847,1.99222043873458,6.85456303405698e-07,6.56168624987455e-05,6.02152044522901e-05,287,"tags=35%, list=24%, signal=38%","HLA-DRB1/HLA-DRB5/HLA-DRA/CHI3L2/PRSS23/FCGR3A/CD74/FABP5/GZMB/LAIR2/CD160/FGFBP2/IFNG/LILRB1/COTL1/GPR56/TTC38/GZMK/LGALS1/CCL3/PROK2/PRF1/HN1/CCL4/AOAH/IDH2/GZMA/XCL2/CMC1/CLIC3/PYCARD/PDGFD/RFTN1/PDZD11/PSMA5/TMEM2/FGR/PSMB2/NCKAP1L/SUB1/BLVRA/LAP3/GPI/CLIC1/CAT/BPGM/PSMA4/ANXA5/SPON2/HIST1H2BK/MPST/ACTG1/GBP1/PLEK/CTSC/DBI/IFI35/CD8A/ITGB2/ACTB/SLAMF6/PSMB9/ASNA1/ITGB7/NME1/CD81/G6PD/DCTN2/CHMP1A/PSME2/SCAMP2/PFN1/ATP6V1D/GLUL/CORO1A/FLNA/ACTN4/TWF2/PPP1CA/TPM4/TXNDC17/NUDT1/ANXA6/ECH1/WDR1/GNAI3/GYG1/ARPC4/NMI/PSMD6/PSMB3/TNIK/ARPC2/ATP1B3/GAPDH/PGAM1/ARHGAP9/MSN/SMS/RSU1/CLTC/TXN/ACAT2/LYPLA1/CCL5/STMN1/EBP/CD63/CSK/LSP1/ACTR1A/TOR1A/F2R/SRA1/TOLLIP/VASP/TSTA3/TIMM8B/PSMB4/CST7/CTSD/SLC9A3R1/SRGN/CAP1/PSMD14/MAPK1"
"GO:0002684","BP","GO:0002684","positive regulation of immune system process",138,0.390407867956976,2.33758268956449,1.18544554162954e-06,0.000111453049583563,0.000102278102181947,148,"tags=33%, list=12%, signal=32%","HLA-DRB1/HLA-DRB5/HLA-DRA/HLA-DQA1/HLA-DQB1/HLA-DMA/HLA-DMB/HLA-DQA2/FCGR3A/CD74/CX3CR1/HLA-DPA1/CD160/HLA-DPB1/IFNG/KLRC2/LILRB1/ASCL2/TOX/LGALS1/CCL3/TESC/POP4/CCL4/XCL2/CD244/PYCARD/PDGFD/RFTN1/FGR/ADA/NCKAP1L/GPI/SH2D1A/SPON2/GBP1/CTSC/IFI35/CD8A/ITGB2/ACTB/SLAMF6/CRTAM/IL12RB1/CD81"
"GO:0001775","BP","GO:0001775","cell activation",156,0.369093071920087,2.234057389951,1.26009177912311e-06,0.000116392688019003,0.000106811103715145,167,"tags=32%, list=14%, signal=32%","HLA-DRB1/HLA-DRB5/HLA-DRA/HLA-DQA1/HLA-DQB1/HLA-DMA/HLA-DMB/HLA-DQA2/FCGR3A/CD74/CX3CR1/HLA-DPA1/CD160/HLA-DPB1/IFNG/KLRC2/LILRB1/ASCL2/TOX/LGALS1/CCL3/PRF1/TIGIT/NKG7/CMC1/CD244/BATF/PYCARD/ZEB2/FGR/ADA/NCKAP1L/BAK1/CLIC1/PSMB10/ACTG1/PLEK/CTSC/IFI35/CD8A/ITGB2/ACTB/SLAMF6/CRTAM/IL12RB1/CD81/TBX21/CORO1A/FLNA/SLAMF7"
"GO:0000139","CC","GO:0000139","Golgi membrane",56,0.52175368788264,2.57674636479521,1.73279667481708e-06,0.000156583866671105,0.000143693696810191,68,"tags=21%, list=6%, signal=21%","HLA-DRB1/HLA-DRB5/HLA-DRA/HLA-DQA1/HLA-DQB1/HLA-DQA2/CD74/HLA-DPA1/HLA-DPB1/ST8SIA4/PYCARD/PDGFD"
"GO:0045066","BP","GO:0045066","regulatory T cell differentiation",6,0.916683521740757,2.29799941435516,1.75469100353185e-06,0.000156583866671105,0.000143693696810191,34,"tags=67%, list=3%, signal=65%","HLA-DRB1/HLA-DRA/IFNG/TOX"
"GO:0019883","BP","GO:0019883","antigen processing and presentation of endogenous antigen",5,0.938938755829437,2.22941512611984,3.68882633022308e-06,0.000323694510477075,0.000297047593960069,13,"tags=60%, list=1%, signal=60%","HLA-DRB1/HLA-DRA/CD74"
"GO:2000514","BP","GO:2000514","regulation of CD4-positive, alpha-beta T cell activation",18,0.715168721662671,2.54248138178921,4.98404801232686e-06,0.000430180537457392,0.000394767564738228,161,"tags=61%, list=13%, signal=54%","HLA-DRB1/HLA-DRA/CD160/HLA-DPB1/IFNG/ASCL2/BATF/NCKAP1L/IL12RB1/CD81/TBX21"
"GO:0001912","BP","GO:0001912","positive regulation of leukocyte mediated cytotoxicity",12,0.795767499457418,2.49017410613044,5.41222965822642e-06,0.000453520490349896,0.000416186144990458,143,"tags=67%, list=12%, signal=59%","HLA-DRB1/HLA-DRA/CD160/KLRC2/SH2D1A/SLAMF6/CRTAM/IL12RB1"
"GO:0002418","BP","GO:0002418","immune response to tumor cell",7,0.889755477082609,2.38062502376858,5.49615623797996e-06,0.000453520490349896,0.000416186144990458,47,"tags=71%, list=4%, signal=69%","HLA-DRB1/CD160/HLA-DPB1/PRF1/NKG7"
"GO:0002469","BP","GO:0002469","myeloid dendritic cell antigen processing and presentation",3,0.984362139917696,1.95901974240312,5.59901839938144e-06,0.000453520490349896,0.000416186144990458,22,"tags=100%, list=2%, signal=98%","HLA-DRB1/HLA-DRA/HLA-DPB1"
"GO:0120281","CC","GO:0120281","autolysosome membrane",3,0.984362139917696,1.95901974240312,5.59901839938144e-06,0.000453520490349896,0.000416186144990458,22,"tags=100%, list=2%, signal=98%","HLA-DRB1/HLA-DRA/HLA-DPB1"
"GO:0002250","BP","GO:0002250","adaptive immune response",78,0.456643874842889,2.41631979485317,6.03491521838428e-06,0.000477898304101368,0.000438557148163199,80,"tags=32%, list=7%, signal=32%","HLA-DRB1/HLA-DRB5/HLA-DRA/HLA-DQA1/HLA-DQB1/HLA-DMA/HLA-DMB/HLA-DQA2/FCGR3A/CD74/CX3CR1/HLA-DPA1/CD160/HLA-DPB1/IFNG/KLRC2/LILRB1/ASCL2/PRF1/CD244/BATF/PYCARD/RFTN1/ADA/NCKAP1L"
"GO:0002694","BP","GO:0002694","regulation of leukocyte activation",85,0.437721894388827,2.36159164761552,6.08151688030231e-06,0.000477898304101368,0.000438557148163199,80,"tags=31%, list=7%, signal=31%","HLA-DRB1/HLA-DRB5/HLA-DRA/HLA-DQA1/HLA-DQB1/HLA-DMA/HLA-DMB/HLA-DQA2/FCGR3A/CD74/HLA-DPA1/CD160/HLA-DPB1/IFNG/KLRC2/LILRB1/ASCL2/TOX/LGALS1/CCL3/TIGIT/BATF/PYCARD/FGR/ADA/NCKAP1L"
"GO:0044754","CC","GO:0044754","autolysosome",6,0.903630616320484,2.2652775771016,6.25024146792431e-06,0.00048393413718561,0.000444096104299885,22,"tags=50%, list=2%, signal=49%","HLA-DRB1/HLA-DRA/HLA-DPB1"
"GO:0002347","BP","GO:0002347","response to tumor cell",10,0.82246508551608,2.45980542164707,6.65574734541237e-06,0.0005078624604869,0.000466054619610111,49,"tags=60%, list=4%, signal=58%","HLA-DRB1/CD160/HLA-DPB1/PRF1/NKG7/ABI3"
"GO:0046631","BP","GO:0046631","alpha-beta T cell activation",40,0.55716043198505,2.53924406871394,7.47549875630748e-06,0.000555120365590165,0.000509422197842526,161,"tags=42%, list=13%, signal=38%","HLA-DRB1/HLA-DRA/CD160/HLA-DPB1/IFNG/LILRB1/ASCL2/TOX/NKG7/BATF/ADA/NCKAP1L/SLAMF6/CRTAM/IL12RB1/CD81/TBX21"
"GO:0045321","BP","GO:0045321","leukocyte activation",138,0.373014236968582,2.23343762988648,7.48595364803451e-06,0.000555120365590165,0.000509422197842526,148,"tags=30%, list=12%, signal=29%","HLA-DRB1/HLA-DRB5/HLA-DRA/HLA-DQA1/HLA-DQB1/HLA-DMA/HLA-DMB/HLA-DQA2/FCGR3A/CD74/CX3CR1/HLA-DPA1/CD160/HLA-DPB1/IFNG/KLRC2/LILRB1/ASCL2/TOX/LGALS1/CCL3/PRF1/TIGIT/NKG7/CD244/BATF/PYCARD/FGR/ADA/NCKAP1L/BAK1/PSMB10/CTSC/IFI35/CD8A/ITGB2/ACTB/SLAMF6/CRTAM/IL12RB1/CD81"
"GO:0002286","BP","GO:0002286","T cell activation involved in immune response",26,0.638877730035924,2.52222765959614,7.61877488678289e-06,0.000557122913595999,0.000511259893718326,161,"tags=50%, list=13%, signal=44%","HLA-DRB1/HLA-DRA/HLA-DMB/CD74/IFNG/LILRB1/ASCL2/BATF/NCKAP1L/SLAMF6/IL12RB1/CD81/TBX21"
"GO:0051249","BP","GO:0051249","regulation of lymphocyte activation",79,0.44484890022891,2.36294960765703,8.00472424868982e-06,0.00056952531309935,0.000522641312965666,80,"tags=32%, list=7%, signal=32%","HLA-DRB1/HLA-DRB5/HLA-DRA/HLA-DQA1/HLA-DQB1/HLA-DMA/HLA-DMB/HLA-DQA2/FCGR3A/CD74/HLA-DPA1/CD160/HLA-DPB1/IFNG/KLRC2/LILRB1/ASCL2/TOX/LGALS1/TIGIT/BATF/PYCARD/FGR/ADA/NCKAP1L"
"GO:0002682","BP","GO:0002682","regulation of immune system process",180,0.330443921334161,2.04737582123804,7.9458585177666e-06,0.00056952531309935,0.000522641312965666,152,"tags=27%, list=12%, signal=27%","HLA-DRB1/HLA-DRB5/HLA-DRA/HLA-DQA1/HLA-DQB1/HLA-DMA/HLA-DMB/HLA-DQA2/FCGR3A/CD74/CX3CR1/HLA-DPA1/CD160/HLA-DPB1/IFNG/KLRC2/LILRB1/ASCL2/TOX/LGALS1/CCL3/TESC/TIGIT/POP4/CCL4/XCL2/CD244/BATF/PYCARD/PDGFD/RFTN1/FGR/ADA/NCKAP1L/GPI/SH2D1A/SPON2/GBP1/CTSC/IFI35/CD8A/ITGB2/ACTB/SLAMF6/CRTAM/IL12RB1/CD81/EIF4E2"
"GO:0042608","MF","GO:0042608","T cell receptor binding",5,0.930814990113019,2.21012606593695,8.40260103350812e-06,0.00058785483919584,0.000539461930706034,3,"tags=40%, list=0%, signal=40%","HLA-DRB1/HLA-DRA"
"GO:0032829","BP","GO:0032829","regulation of CD4-positive, CD25-positive, alpha-beta regulatory T cell differentiation",4,0.958805995241332,2.11261256511152,8.59730723990117e-06,0.00058785483919584,0.000539461930706034,24,"tags=75%, list=2%, signal=74%","HLA-DRB1/HLA-DRA/IFNG"
"GO:0032831","BP","GO:0032831","positive regulation of CD4-positive, CD25-positive, alpha-beta regulatory T cell differentiation",4,0.958805995241332,2.11261256511152,8.59730723990117e-06,0.00058785483919584,0.000539461930706034,24,"tags=75%, list=2%, signal=74%","HLA-DRB1/HLA-DRA/IFNG"
"GO:0046635","BP","GO:0046635","positive regulation of alpha-beta T cell activation",17,0.715983588055474,2.48223653218571,1.20809650486937e-05,0.000815465140786825,0.000748335081963619,148,"tags=53%, list=12%, signal=47%","HLA-DRB1/HLA-DRA/CD160/HLA-DPB1/IFNG/ADA/NCKAP1L/IL12RB1/CD81"
"GO:0046637","BP","GO:0046637","regulation of alpha-beta T cell differentiation",16,0.72214887550515,2.46741996077428,1.24073302115886e-05,0.000826893589417899,0.000758822727131135,80,"tags=44%, list=7%, signal=41%","HLA-DRB1/HLA-DRA/IFNG/ASCL2/BATF/ADA/NCKAP1L"
"GO:0050865","BP","GO:0050865","regulation of cell activation",91,0.428013085829373,2.34549959859456,1.35398998195061e-05,0.000891094656871248,0.000817738686467542,80,"tags=30%, list=7%, signal=30%","HLA-DRB1/HLA-DRB5/HLA-DRA/HLA-DQA1/HLA-DQB1/HLA-DMA/HLA-DMB/HLA-DQA2/FCGR3A/CD74/HLA-DPA1/CD160/HLA-DPB1/IFNG/KLRC2/LILRB1/ASCL2/TOX/LGALS1/CCL3/TIGIT/CMC1/BATF/PYCARD/FGR/ADA/NCKAP1L"
"GO:0005768","CC","GO:0005768","endosome",111,0.39240290969505,2.2460068279131,1.37249669633306e-05,0.000892122852616491,0.000818682239917968,22,"tags=10%, list=2%, signal=11%","HLA-DRB1/HLA-DRB5/HLA-DRA/HLA-DQA1/HLA-DQB1/HLA-DMA/HLA-DMB/HLA-DQA2/CD74/HLA-DPA1/HLA-DPB1"
"GO:0046649","BP","GO:0046649","lymphocyte activation",124,0.379016585679412,2.2314588049567,1.74467088580628e-05,0.00112020636753294,0.00102798964901808,86,"tags=23%, list=7%, signal=24%","HLA-DRB1/HLA-DRB5/HLA-DRA/HLA-DQA1/HLA-DQB1/HLA-DMA/HLA-DMB/HLA-DQA2/FCGR3A/CD74/HLA-DPA1/CD160/HLA-DPB1/IFNG/KLRC2/LILRB1/ASCL2/TOX/LGALS1/PRF1/TIGIT/NKG7/CD244/BATF/PYCARD/FGR/ADA/NCKAP1L/BAK1"
"GO:0007155","BP","GO:0007155","cell adhesion",131,0.373515661193429,2.23110061163374,1.95657034144502e-05,0.00124112564430218,0.00113895470732183,170,"tags=34%, list=14%, signal=32%","HLA-DRB1/HLA-DRB5/HLA-DRA/HLA-DQA1/HLA-DQB1/PDLIM1/HLA-DMA/HLA-DMB/HLA-DQA2/CD74/CX3CR1/HLA-DPA1/CD160/HLA-DPB1/IFNG/LILRB1/GPR56/ASCL2/LGALS1/TESC/TIGIT/CCL4/PYCARD/ADA/NCKAP1L/MTSS1/LAP3/CLIC1/SPON2/ACTG1/GBP1/PLEK/ITGB2/ACTB/ITGB7/CRTAM/IL12RB1/CD81/TBX21/CORO1A/FLNA/SLAMF7/ACTN4/PPP1CA"
"GO:0050863","BP","GO:0050863","regulation of T cell activation",62,0.464215225528742,2.36361197870773,2.17722375292295e-05,0.00136465274513563,0.00125231291051583,80,"tags=35%, list=7%, signal=35%","HLA-DRB1/HLA-DRB5/HLA-DRA/HLA-DQA1/HLA-DQB1/HLA-DMA/HLA-DMB/HLA-DQA2/CD74/HLA-DPA1/CD160/HLA-DPB1/IFNG/LILRB1/ASCL2/TOX/LGALS1/TIGIT/BATF/PYCARD/ADA/NCKAP1L"
"GO:0098796","CC","GO:0098796","membrane protein complex",152,0.345017838117259,2.08701913827566,2.31375642461007e-05,0.0014331679500673,0.00131518786240994,22,"tags=8%, list=2%, signal=9%","HLA-DRB1/HLA-DRB5/HLA-DRA/HLA-DQA1/HLA-DQB1/HLA-DMA/HLA-DMB/HLA-DQA2/FCGR3A/CD74/HLA-DPA1/HLA-DPB1"
"GO:0045589","BP","GO:0045589","regulation of regulatory T cell differentiation",5,0.918015436262808,2.17973481966654,2.42677538818935e-05,0.00146861751940425,0.00134771918109971,24,"tags=60%, list=2%, signal=59%","HLA-DRB1/HLA-DRA/IFNG"
"GO:0045591","BP","GO:0045591","positive regulation of regulatory T cell differentiation",5,0.918015436262808,2.17973481966654,2.42677538818935e-05,0.00146861751940425,0.00134771918109971,24,"tags=60%, list=2%, signal=59%","HLA-DRB1/HLA-DRA/IFNG"
"GO:2000516","BP","GO:2000516","positive regulation of CD4-positive, alpha-beta T cell activation",12,0.768633666140318,2.40526492201276,2.46842859610982e-05,0.00147684960892252,0.00135527359523254,148,"tags=67%, list=12%, signal=59%","HLA-DRB1/HLA-DRA/CD160/HLA-DPB1/IFNG/NCKAP1L/IL12RB1/CD81"
"GO:0035710","BP","GO:0035710","CD4-positive, alpha-beta T cell activation",28,0.612949008369935,2.47828703891376,2.7675149040483e-05,0.00163718718761958,0.00150241199403687,161,"tags=50%, list=13%, signal=44%","HLA-DRB1/HLA-DRA/CD160/HLA-DPB1/IFNG/ASCL2/TOX/NKG7/BATF/NCKAP1L/SLAMF6/IL12RB1/CD81/TBX21"
"GO:0043370","BP","GO:0043370","regulation of CD4-positive, alpha-beta T cell differentiation",12,0.766829068639262,2.39961784296997,2.8351628255772e-05,0.00165857025296266,0.0015220347800467,161,"tags=67%, list=13%, signal=58%","HLA-DRB1/HLA-DRA/IFNG/ASCL2/BATF/NCKAP1L/IL12RB1/TBX21"
"GO:0051240","BP","GO:0051240","positive regulation of multicellular organismal process",165,0.330787444417005,2.01991359490093,2.98067259870246e-05,0.001724532003535,0.00158256648097679,177,"tags=29%, list=15%, signal=29%","HLA-DRB1/HLA-DRB5/HLA-DRA/HLA-DQA1/HLA-DQB1/HLA-DMA/HLA-DMB/HLA-DQA2/FCGR3A/CD74/FABP5/CX3CR1/HLA-DPA1/CD160/HLA-DPB1/IFNG/LILRB1/TOX/LGALS1/CCL3/PROK2/TESC/TIGIT/CD244/BATF/PYCARD/RFTN1/FGR/ADA/NCKAP1L/LAP3/SPON2/PLEK/CTSC/DBI/ACTB/SLAMF6/CRTAM/IL12RB1/SRRT/CD81/CAPRIN1/TBX21/CORO1A/FLNA/TWF2/UCP2/RIOK3"
"GO:0046598","BP","GO:0046598","positive regulation of viral entry into host cell",3,0.97283950617284,1.93608807317766,3.19062169851013e-05,0.00178708757900594,0.00163997240718494,36,"tags=100%, list=3%, signal=97%","HLA-DRB1/CD74/LGALS1"
"GO:0075294","BP","GO:0075294","positive regulation by symbiont of entry into host",3,0.97283950617284,1.93608807317766,3.19062169851013e-05,0.00178708757900594,0.00163997240718494,36,"tags=100%, list=3%, signal=97%","HLA-DRB1/CD74/LGALS1"
"GO:1903902","BP","GO:1903902","positive regulation of viral life cycle",3,0.97283950617284,1.93608807317766,3.19062169851013e-05,0.00178708757900594,0.00163997240718494,36,"tags=100%, list=3%, signal=97%","HLA-DRB1/CD74/LGALS1"
"GO:0002705","BP","GO:0002705","positive regulation of leukocyte mediated immunity",22,0.651500463947234,2.4723497333804,3.49414718009054e-05,0.00193649314770281,0.00177707873203497,161,"tags=55%, list=13%, signal=48%","HLA-DRB1/HLA-DRA/CD160/HLA-DPB1/KLRC2/SH2D1A/ITGB2/SLAMF6/CRTAM/IL12RB1/CD81/TBX21"
"GO:0140546","BP","GO:0140546","defense response to symbiont",114,0.371233246907592,2.14675535040039,3.55813404580775e-05,0.00195141414074769,0.00179077141121245,215,"tags=37%, list=18%, signal=33%","FCGR3A/CD74/GZMB/CX3CR1/HLA-DPA1/CD160/HLA-DPB1/IFNG/KLRC2/LILRB1/CCL3/PRF1/POP4/NKG7/CCL4/APOBEC3G/XCL2/CD244/PYCARD/RFTN1/FGR/SH2D1A/UBE2L6/SPON2/HIST1H2BK/PMAIP1/ACTG1/GBP1/IFI35/SLAMF6/CRTAM/IL12RB1/LYST/EIF4E2/CORO1A/SLAMF7/RIOK3/SLC15A4/ZYX/NMI/GAPDH/POMP"
"GO:0007159","BP","GO:0007159","leukocyte cell-cell adhesion",70,0.4398493606285,2.28907600244116,3.76805701881641e-05,0.00204523919629571,0.0018768726767626,44,"tags=26%, list=4%, signal=26%","HLA-DRB1/HLA-DRB5/HLA-DRA/HLA-DQA1/HLA-DQB1/HLA-DMA/HLA-DMB/HLA-DQA2/CD74/CX3CR1/HLA-DPA1/CD160/HLA-DPB1/IFNG/LILRB1/ASCL2/LGALS1/TIGIT"
"GO:0045087","BP","GO:0045087","innate immune response",106,0.384121072997981,2.18775209848474,4.00451262603558e-05,0.00215140397715075,0.00197429784677801,210,"tags=37%, list=17%, signal=33%","FCGR3A/CD74/GZMB/CX3CR1/HLA-DPA1/CD160/HLA-DPB1/IFNG/KLRC2/LILRB1/CCL3/POP4/NKG7/CCL4/APOBEC3G/XCL2/CD244/PYCARD/RFTN1/FGR/SH2D1A/UBE2L6/SPON2/HIST1H2BK/ACTG1/GBP1/IFI35/SLAMF6/CRTAM/IL12RB1/LYST/EIF4E2/CORO1A/SLAMF7/RIOK3/SLC15A4/ZYX/NMI/GAPDH"
"GO:0000421","CC","GO:0000421","autophagosome membrane",8,0.83739723386804,2.32340212384523,4.12749308384832e-05,0.00219507586731933,0.00201437461508387,22,"tags=38%, list=2%, signal=37%","HLA-DRB1/HLA-DRA/HLA-DPB1"
"GO:0046638","BP","GO:0046638","positive regulation of alpha-beta T cell differentiation",11,0.780296460044299,2.36460041669875,4.46672662965452e-05,0.00235173157051311,0.00215813423474887,80,"tags=45%, list=7%, signal=43%","HLA-DRB1/HLA-DRA/IFNG/ADA/NCKAP1L"
"GO:0050867","BP","GO:0050867","positive regulation of cell activation",61,0.461356134379435,2.32406789967778,4.56872583580487e-05,0.00238161797282303,0.00218556035292802,37,"tags=30%, list=3%, signal=30%","HLA-DRB1/HLA-DRB5/HLA-DRA/HLA-DQA1/HLA-DQB1/HLA-DMA/HLA-DMB/HLA-DQA2/FCGR3A/CD74/HLA-DPA1/CD160/HLA-DPB1/IFNG/LILRB1/TOX/LGALS1/CCL3"
"GO:0031982","CC","GO:0031982","vesicle",412,0.253310481311737,1.74761960950879,4.73730623979118e-05,0.00244528601495103,0.00224398716621687,297,"tags=32%, list=24%, signal=37%","HLA-DRB1/HLA-DRB5/HLA-DRA/HLA-DQA1/HLA-DQB1/HLA-DMA/HLA-DMB/PRSS23/HLA-DQA2/FCGR3A/CD74/FABP5/HLA-DPA1/HLA-DPB1/COTL1/GPR56/TTC38/GZMK/LGALS1/PRF1/AOAH/IDH2/CMC1/CLIC3/PYCARD/RFTN1/PSMA5/TMEM2/FGR/PSMB2/ADA/NCKAP1L/SUB1/MTSS1/BLVRA/LAP3/GPI/CLIC1/RAB37/CAT/SYNGR1/BPGM/PSMA4/ANXA5/DYNLL1/PLEKHF1/SPON2/GAR1/MPST/ACTG1/GBP1/CTSC/DBI/ITGB2/ACTB/SLAMF6/PSMB9/ASNA1/ITGB7/PRDX3/NME1/CD81/G6PD/DCTN2/CHMP1A/PSME2/SCAMP2/PFN1/ATP6V1D/GLUL/CORO1A/FLNA/ACTN4/TWF2/PPP1CA/TPM4/TXNDC17/NUDT1/ANXA6/SLC15A4/ECH1/WDR1/GNAI3/ZYX/GYG1/ARPC4/NMI/PSMD6/PSMB3/TNIK/ARPC2/ATP1B3/LRMP/GAPDH/PGAM1/ARHGAP9/LPCAT1/MSN/SMS/RSU1/CLTC/AP1S1/TXN/ACAT2/LYPLA1/STMN1/SAMD9L/STARD3NL/EBP/CD63/CSK/LSP1/ACTR1A/TOR1A/F2R/SRA1/TOLLIP/VASP/TSTA3/PSMB4/CST7/CTSD/SLC9A3R1/SRGN/CAP1/PSMD14/MAPK1/HCLS1/ASPSCR1/CCDC115/MVB12A/WAS/ATP6V0D1"
"GO:0005776","CC","GO:0005776","autophagosome",11,0.777927175231561,2.35742056629271,4.98543644838483e-05,0.00252387720199482,0.00231610863340955,22,"tags=27%, list=2%, signal=27%","HLA-DRB1/HLA-DRA/HLA-DPB1"
"GO:0046903","BP","GO:0046903","secretion",69,0.442937466010757,2.30039622253671,4.95335827818231e-05,0.00252387720199482,0.00231610863340955,174,"tags=32%, list=14%, signal=29%","HLA-DRB1/FCGR3A/CD74/IFNG/KLRC2/LILRB1/CES1/CCL3/PRF1/NKG7/PDZD11/FGR/ADA/NCKAP1L/SYNGR1/DYNLL1/PLEK/DBI/ITGB2/NME1/CORO1A/UCP2"
"GO:0090713","BP","GO:0090713","immunological memory process",6,0.866733605518932,2.17278184962042,6.4387701125026e-05,0.00322858329926916,0.00296280248785834,19,"tags=50%, list=2%, signal=49%","HLA-DRB1/HLA-DRA/CD160"
"GO:0051251","BP","GO:0051251","positive regulation of lymphocyte activation",56,0.469263241131706,2.31751567607534,6.87395330459673e-05,0.00341427963666998,0.00313321208223426,36,"tags=30%, list=3%, signal=31%","HLA-DRB1/HLA-DRB5/HLA-DRA/HLA-DQA1/HLA-DQB1/HLA-DMA/HLA-DMB/HLA-DQA2/FCGR3A/CD74/HLA-DPA1/CD160/HLA-DPB1/IFNG/LILRB1/TOX/LGALS1"
"GO:0002696","BP","GO:0002696","positive regulation of leukocyte activation",59,0.468304214686419,2.36608486740501,7.03622229163497e-05,0.00346221592200543,0.00317720219563252,37,"tags=31%, list=3%, signal=31%","HLA-DRB1/HLA-DRB5/HLA-DRA/HLA-DQA1/HLA-DQB1/HLA-DMA/HLA-DMB/HLA-DQA2/FCGR3A/CD74/HLA-DPA1/CD160/HLA-DPB1/IFNG/LILRB1/TOX/LGALS1/CCL3"
"GO:0001916","BP","GO:0001916","positive regulation of T cell mediated cytotoxicity",5,0.901179700496038,2.13976006759165,7.16612356199026e-05,0.00346702721939321,0.00318161742130551,3,"tags=40%, list=0%, signal=40%","HLA-DRB1/HLA-DRA"
"GO:0048584","BP","GO:0048584","positive regulation of response to stimulus",227,0.295423028599251,1.89734089064762,7.17770117595176e-05,0.00346702721939321,0.00318161742130551,143,"tags=22%, list=12%, signal=24%","HLA-DRB1/HLA-DRB5/HLA-DRA/HLA-DQA1/HLA-DQB1/HLA-DMA/HLA-DMB/HLA-DQA2/CD74/FABP5/CX3CR1/HLA-DPA1/CD160/HLA-DPB1/IFNG/KLRC2/LILRB1/GPR56/LGALS1/CCL3/POP4/NKG7/CCL4/XCL2/PYCARD/PDGFD/RFTN1/ZEB2/FGR/ADA/NCKAP1L/LAP3/BAK1/SH2D1A/CAT/TFPT/ANKRD32/PLEKHF1/PRR5L/PMAIP1/ACTG1/GBP1/CTSC/IFI35/CD8A/ITGB2/ACTB/SLAMF6/CRTAM/IL12RB1"
"GO:0001772","CC","GO:0001772","immunological synapse",17,0.685994132681677,2.37826638126177,7.48711364273026e-05,0.00358007114728637,0.00328535543880531,164,"tags=47%, list=13%, signal=41%","HLA-DRB1/HLA-DRA/GZMB/PRF1/GZMA/CRTAM/CD81/CORO1A"
"GO:0002483","BP","GO:0002483","antigen processing and presentation of endogenous peptide antigen",4,0.936832731746081,2.06419714761625,7.54772834470631e-05,0.00358007114728637,0.00328535543880531,3,"tags=50%, list=0%, signal=50%","HLA-DRB1/HLA-DRA"
"GO:0098609","BP","GO:0098609","cell-cell adhesion",96,0.391425955911674,2.17332833107537,7.68974831424637e-05,0.00361486829236671,0.00331728804157809,170,"tags=36%, list=14%, signal=34%","HLA-DRB1/HLA-DRB5/HLA-DRA/HLA-DQA1/HLA-DQB1/PDLIM1/HLA-DMA/HLA-DMB/HLA-DQA2/CD74/CX3CR1/HLA-DPA1/CD160/HLA-DPB1/IFNG/LILRB1/ASCL2/LGALS1/TIGIT/PYCARD/ADA/NCKAP1L/CLIC1/ACTG1/PLEK/ITGB2/ACTB/ITGB7/CRTAM/IL12RB1/CD81/TBX21/CORO1A/FLNA/PPP1CA"
"GO:0032944","BP","GO:0032944","regulation of mononuclear cell proliferation",31,0.572924531346571,2.41057612444821,7.83310283564052e-05,0.00361765670435503,0.00331984690818006,164,"tags=45%, list=13%, signal=40%","HLA-DRB1/HLA-DMB/FCGR3A/CD74/HLA-DPA1/HLA-DPB1/LILRB1/PYCARD/ADA/NCKAP1L/CRTAM/IL12RB1/CD81/CORO1A"
"GO:0050670","BP","GO:0050670","regulation of lymphocyte proliferation",31,0.572924531346571,2.41057612444821,7.83310283564052e-05,0.00361765670435503,0.00331984690818006,164,"tags=45%, list=13%, signal=40%","HLA-DRB1/HLA-DMB/FCGR3A/CD74/HLA-DPA1/HLA-DPB1/LILRB1/PYCARD/ADA/NCKAP1L/CRTAM/IL12RB1/CD81/CORO1A"
"GO:0002708","BP","GO:0002708","positive regulation of lymphocyte mediated immunity",20,0.657735541701902,2.43616521191734,8.5175855825099e-05,0.00389957287755779,0.00357855540720553,161,"tags=55%, list=13%, signal=49%","HLA-DRB1/HLA-DRA/CD160/HLA-DPB1/KLRC2/SH2D1A/SLAMF6/CRTAM/IL12RB1/CD81/TBX21"
"GO:0005767","CC","GO:0005767","secondary lysosome",8,0.819576382571751,2.27395724622214,9.6688199659302e-05,0.00435649250032031,0.00399786086399164,22,"tags=38%, list=2%, signal=37%","HLA-DRB1/HLA-DRA/HLA-DPB1"
"GO:0042110","BP","GO:0042110","T cell activation",95,0.389362263221638,2.15363146957239,9.68109444515624e-05,0.00435649250032031,0.00399786086399164,80,"tags=24%, list=7%, signal=25%","HLA-DRB1/HLA-DRB5/HLA-DRA/HLA-DQA1/HLA-DQB1/HLA-DMA/HLA-DMB/HLA-DQA2/CD74/HLA-DPA1/CD160/HLA-DPB1/IFNG/LILRB1/ASCL2/TOX/LGALS1/TIGIT/NKG7/BATF/PYCARD/ADA/NCKAP1L"
"GO:0046596","BP","GO:0046596","regulation of viral entry into host cell",4,0.933592202194992,2.05705703430738,0.000100446799780636,0.00445634763304686,0.00408949580360575,36,"tags=75%, list=3%, signal=73%","HLA-DRB1/CD74/LGALS1"
"GO:0051239","BP","GO:0051239","regulation of multicellular organismal process",243,0.284501341092014,1.85499461397196,0.000100722767014734,0.00445634763304686,0.00408949580360575,177,"tags=25%, list=15%, signal=26%","HLA-DRB1/HLA-DRB5/HLA-DRA/HLA-DQA1/HLA-DQB1/HLA-DMA/HLA-DMB/HLA-DQA2/FCGR3A/CD74/FABP5/CX3CR1/HLA-DPA1/CD160/HLA-DPB1/IFNG/KLRC2/LILRB1/ASCL2/TOX/LGALS1/CCL3/PROK2/TESC/TIGIT/CMC1/CD244/BATF/PYCARD/RFTN1/TMEM2/FGR/ADA/NCKAP1L/LAP3/GPI/TFPT/ANXA5/SPON2/GBP1/PLEK/CTSC/DBI/ACTB/SLAMF6/RANGRF/CRTAM/IL12RB1/SRRT/CD81/G6PD/PFN1/CAPRIN1/TBX21/GLUL/CORO1A/FLNA/TWF2/UCP2/RIOK3"
"GO:0043903","BP","GO:0043903","regulation of biological process involved in symbiotic interaction",5,0.895047404255848,2.12519955029396,0.00011408395039424,0.0049640661059973,0.0045554182889044,36,"tags=60%, list=3%, signal=58%","HLA-DRB1/CD74/LGALS1"
"GO:0052372","BP","GO:0052372","modulation by symbiont of entry into host",5,0.895047404255848,2.12519955029396,0.00011408395039424,0.0049640661059973,0.0045554182889044,36,"tags=60%, list=3%, signal=58%","HLA-DRB1/CD74/LGALS1"
"GO:0070663","BP","GO:0070663","regulation of leukocyte proliferation",33,0.554120493300643,2.39772883780767,0.00011546236085402,0.00498286335980667,0.00457266813045686,164,"tags=42%, list=13%, signal=38%","HLA-DRB1/HLA-DMB/FCGR3A/CD74/HLA-DPA1/HLA-DPB1/LILRB1/PYCARD/ADA/NCKAP1L/CRTAM/IL12RB1/CD81/CORO1A"
"GO:0002252","BP","GO:0002252","immune effector process",94,0.384322012577016,2.11719719892062,0.000125347473949469,0.0053654833361297,0.00492379037593548,167,"tags=41%, list=14%, signal=39%","HLA-DRB1/HLA-DRA/HLA-DMB/FCGR3A/CD74/GZMB/CX3CR1/CD160/HLA-DPB1/IFNG/KLRC2/LILRB1/ASCL2/LGALS1/CCL3/PRF1/NKG7/CD244/BATF/PYCARD/RFTN1/FGR/ADA/NCKAP1L/GPI/SH2D1A/SPON2/CTSC/IFI35/CD8A/ITGB2/SLAMF6/CRTAM/IL12RB1/CD81/LYST/TBX21/CORO1A/SLAMF7"
"GO:0030155","BP","GO:0030155","regulation of cell adhesion",92,0.386478542656816,2.11861826218866,0.000134428203354541,0.00570777815049725,0.00523790707468034,168,"tags=37%, list=14%, signal=34%","HLA-DRB1/HLA-DRB5/HLA-DRA/HLA-DQA1/HLA-DQB1/HLA-DMA/HLA-DMB/HLA-DQA2/CD74/HLA-DPA1/CD160/HLA-DPB1/IFNG/LILRB1/GPR56/ASCL2/LGALS1/TESC/TIGIT/PYCARD/ADA/NCKAP1L/LAP3/ACTG1/GBP1/ITGB2/ACTB/CRTAM/IL12RB1/CD81/TBX21/CORO1A/FLNA/ACTN4"
"GO:0043372","BP","GO:0043372","positive regulation of CD4-positive, alpha-beta T cell differentiation",7,0.840673862070095,2.24930251560163,0.000159855823813841,0.00673312729903898,0.00617884826362551,80,"tags=57%, list=7%, signal=54%","HLA-DRB1/HLA-DRA/IFNG/NCKAP1L"
"GO:0042129","BP","GO:0042129","regulation of T cell proliferation",23,0.609908726680746,2.35901159355885,0.000185169303212658,0.00773743159852893,0.00710047704048539,164,"tags=48%, list=13%, signal=42%","HLA-DRB1/HLA-DMB/HLA-DPA1/HLA-DPB1/LILRB1/PYCARD/NCKAP1L/CRTAM/IL12RB1/CD81/CORO1A"
"GO:1903037","BP","GO:1903037","regulation of leukocyte cell-cell adhesion",59,0.450700243147183,2.27714163486736,0.000195395315613951,0.00810044359612168,0.00743360545932894,80,"tags=34%, list=7%, signal=33%","HLA-DRB1/HLA-DRB5/HLA-DRA/HLA-DQA1/HLA-DQB1/HLA-DMA/HLA-DMB/HLA-DQA2/CD74/HLA-DPA1/CD160/HLA-DPB1/IFNG/LILRB1/ASCL2/LGALS1/TIGIT/PYCARD/ADA/NCKAP1L"
"GO:0050776","BP","GO:0050776","regulation of immune response",119,0.344508020345205,2.00058625046839,0.000201045806139478,0.00826957944784652,0.00758881784687669,80,"tags=20%, list=7%, signal=21%","HLA-DRB1/HLA-DRB5/HLA-DRA/HLA-DQA1/HLA-DQB1/HLA-DMA/HLA-DMB/HLA-DQA2/FCGR3A/CD74/HLA-DPA1/CD160/HLA-DPB1/IFNG/KLRC2/LILRB1/ASCL2/POP4/BATF/PYCARD/RFTN1/FGR/ADA/NCKAP1L"
"GO:0045785","BP","GO:0045785","positive regulation of cell adhesion",64,0.437048036004768,2.23628764157707,0.000219703407433887,0.00891546765771251,0.00818153577225979,36,"tags=25%, list=3%, signal=26%","HLA-DRB1/HLA-DRB5/HLA-DRA/HLA-DQA1/HLA-DQB1/HLA-DMA/HLA-DMB/HLA-DQA2/CD74/HLA-DPA1/CD160/HLA-DPB1/IFNG/LILRB1/GPR56/LGALS1"
"GO:0042609","MF","GO:0042609","CD4 receptor binding",3,0.951588754267269,1.89379607429257,0.000220135003894136,0.00891546765771251,0.00818153577225979,13,"tags=67%, list=1%, signal=66%","HLA-DRB1/CD74"
"GO:0022407","BP","GO:0022407","regulation of cell-cell adhesion",64,0.434910146385642,2.22534848674638,0.000249565124464964,0.0100302319107484,0.00920453130810916,44,"tags=27%, list=4%, signal=27%","HLA-DRB1/HLA-DRB5/HLA-DRA/HLA-DQA1/HLA-DQB1/HLA-DMA/HLA-DMB/HLA-DQA2/CD74/HLA-DPA1/CD160/HLA-DPB1/IFNG/LILRB1/ASCL2/LGALS1/TIGIT"
"GO:1903039","BP","GO:1903039","positive regulation of leukocyte cell-cell adhesion",50,0.461906650669471,2.22569786433089,0.000256805892099344,0.0101660377586695,0.00932915745734855,36,"tags=30%, list=3%, signal=30%","HLA-DRB1/HLA-DRB5/HLA-DRA/HLA-DQA1/HLA-DQB1/HLA-DMA/HLA-DMB/HLA-DQA2/CD74/HLA-DPA1/CD160/HLA-DPB1/IFNG/LILRB1/LGALS1"
"GO:0005102","MF","GO:0005102","signaling receptor binding",124,0.344336586626902,2.0272804334406,0.000256434392057899,0.0101660377586695,0.00932915745734855,148,"tags=23%, list=12%, signal=23%","HLA-DRB1/HLA-DRA/HLA-DQB1/CD74/CX3CR1/CD160/IFNG/LILRB1/CCL3/PROK2/TIGIT/FCRL6/HN1/CCL4/XCL2/CMC1/CD244/PYCARD/PDGFD/FGR/MTSS1/GPI/DBI/CD8A/ITGB2/ITGB7/CRTAM/IL12RB1/CD81"
"GO:0032613","BP","GO:0032613","interleukin-10 production",8,0.796210199636078,2.20912655791411,0.000265782387875224,0.0103078510996664,0.00945929655569924,65,"tags=50%, list=5%, signal=48%","HLA-DRB1/LILRB1/TIGIT/PYCARD"
"GO:0032653","BP","GO:0032653","regulation of interleukin-10 production",8,0.796210199636078,2.20912655791411,0.000265782387875224,0.0103078510996664,0.00945929655569924,65,"tags=50%, list=5%, signal=48%","HLA-DRB1/LILRB1/TIGIT/PYCARD"
"GO:0002468","BP","GO:0002468","dendritic cell antigen processing and presentation",5,0.880744551917537,2.09123887378368,0.000266324800911704,0.0103078510996664,0.00945929655569924,22,"tags=80%, list=2%, signal=79%","HLA-DRB1/HLA-DRA/CD74/HLA-DPB1"
"GO:0002424","BP","GO:0002424","T cell mediated immune response to tumor cell",3,0.948914754156523,1.88847443625337,0.000268219487303759,0.0103078510996664,0.00945929655569924,22,"tags=67%, list=2%, signal=66%","HLA-DRB1/HLA-DPB1"
"GO:0002834","BP","GO:0002834","regulation of response to tumor cell",4,0.915919472104164,2.01811731987609,0.000286558849057589,0.0107002293637461,0.00981937377509767,22,"tags=75%, list=2%, signal=74%","HLA-DRB1/CD160/HLA-DPB1"
"GO:0002836","BP","GO:0002836","positive regulation of response to tumor cell",4,0.915919472104164,2.01811731987609,0.000286558849057589,0.0107002293637461,0.00981937377509767,22,"tags=75%, list=2%, signal=74%","HLA-DRB1/CD160/HLA-DPB1"
"GO:0002837","BP","GO:0002837","regulation of immune response to tumor cell",4,0.915919472104164,2.01811731987609,0.000286558849057589,0.0107002293637461,0.00981937377509767,22,"tags=75%, list=2%, signal=74%","HLA-DRB1/CD160/HLA-DPB1"
"GO:0002839","BP","GO:0002839","positive regulation of immune response to tumor cell",4,0.915919472104164,2.01811731987609,0.000286558849057589,0.0107002293637461,0.00981937377509767,22,"tags=75%, list=2%, signal=74%","HLA-DRB1/CD160/HLA-DPB1"
"GO:0045622","BP","GO:0045622","regulation of T-helper cell differentiation",8,0.791158707148455,2.19511092960815,0.000335115357201371,0.0124252278567973,0.0114023683436197,161,"tags=75%, list=13%, signal=66%","HLA-DRB1/HLA-DRA/ASCL2/BATF/IL12RB1/TBX21"
"GO:0043367","BP","GO:0043367","CD4-positive, alpha-beta T cell differentiation",21,0.613296564595589,2.29698572728051,0.000346476740016408,0.012756643609695,0.0117065015581547,161,"tags=48%, list=13%, signal=42%","HLA-DRB1/HLA-DRA/IFNG/ASCL2/TOX/BATF/NCKAP1L/SLAMF6/IL12RB1/TBX21"
"GO:0042175","CC","GO:0042175","nuclear outer membrane-endoplasmic reticulum membrane network",105,0.358114206433561,2.03250645762795,0.00035980434840107,0.0131553464884141,0.0120723827424043,22,"tags=9%, list=2%, signal=9%","HLA-DRB1/HLA-DRB5/HLA-DRA/HLA-DQA1/HLA-DQB1/HLA-DQA2/CD74/HLA-DPA1/HLA-DPB1"
"GO:0060907","BP","GO:0060907","positive regulation of macrophage cytokine production",4,0.911861614497529,2.00917632345997,0.000373671097488606,0.0135681264019139,0.0124511821232138,111,"tags=100%, list=9%, signal=91%","CD74/LILRB1/PYCARD/SPON2"
"GO:0098827","CC","GO:0098827","endoplasmic reticulum subcompartment",105,0.357523517353152,2.02915395345801,0.000381094305006925,0.0137428870949415,0.0126115563084483,22,"tags=9%, list=2%, signal=9%","HLA-DRB1/HLA-DRB5/HLA-DRA/HLA-DQA1/HLA-DQB1/HLA-DQA2/CD74/HLA-DPA1/HLA-DPB1"
"GO:0042098","BP","GO:0042098","T cell proliferation",28,0.561732618109528,2.27120795985648,0.000401180292854587,0.0143688043665265,0.013185947326907,164,"tags=43%, list=13%, signal=38%","HLA-DRB1/HLA-DMB/HLA-DPA1/HLA-DPB1/LILRB1/PYCARD/NCKAP1L/PSMB10/CRTAM/IL12RB1/CD81/CORO1A"
"GO:0032501","BP","GO:0032501","multicellular organismal process",464,0.228666686925011,1.59970787009897,0.000412862184015004,0.0146872932353986,0.0134782178138611,180,"tags=20%, list=15%, signal=28%","HLA-DRB1/HLA-DRB5/HLA-DRA/HLA-DQA1/HLA-DQB1/PDLIM1/HLA-DMA/HLA-DMB/HLA-DQA2/FCGR3A/CD74/FABP5/CX3CR1/HLA-DPA1/CD160/HLA-DPB1/IFNG/KLRC2/PTTG1/LILRB1/GPR56/ASCL2/TOX/LGALS1/CCL3/PROK2/PRF1/TSPAN2/ST8SIA4/TESC/TIGIT/NKG7/ABI3/XCL2/CMC1/CD244/BATF/PYCARD/PDGFD/RFTN1/ZEB2/TMEM2/FGR/ADA/NCKAP1L/MTSS1/LAP3/GPI/BAK1/CLIC1/CAT/TFPT/BPGM/PSMC4/ANXA5/DYNLL1/S1PR5/PSMB10/SPON2/GAR1/PMAIP1/MPST/ACTG1/GBP1/PLEK/CTSC/DBI/IFI35/CD8A/ITGB2/ACTB/SLAMF6/RANGRF/CRTAM/IL12RB1/PRDX3/SRRT/NME1/CD81/G6PD/PFN1/CAPRIN1/TBX21/GLUL/CORO1A/FLNA/SLAMF7/TWF2/PPP1CA/TPM4/UCP2/HSPB11/RIOK3/JAKMIP1/NDUFA12"
"GO:0070374","BP","GO:0070374","positive regulation of ERK1 and ERK2 cascade",18,0.626314931490183,2.22659912859202,0.000417090892338174,0.0147381446185268,0.0135248830507398,68,"tags=39%, list=6%, signal=37%","HLA-DRB1/CD74/CCL3/CCL4/XCL2/PYCARD/PDGFD"
"GO:0002228","BP","GO:0002228","natural killer cell mediated immunity",19,0.61712874032086,2.25849514094223,0.000436976470673782,0.0148730900563876,0.0136487196198969,167,"tags=63%, list=14%, signal=55%","FCGR3A/GZMB/CD160/KLRC2/LILRB1/NKG7/SH2D1A/SLAMF6/CRTAM/LYST/CORO1A/SLAMF7"
"GO:0042267","BP","GO:0042267","natural killer cell mediated cytotoxicity",19,0.61712874032086,2.25849514094223,0.000436976470673782,0.0148730900563876,0.0136487196198969,167,"tags=63%, list=14%, signal=55%","FCGR3A/GZMB/CD160/KLRC2/LILRB1/NKG7/SH2D1A/SLAMF6/CRTAM/LYST/CORO1A/SLAMF7"
"GO:0090715","BP","GO:0090715","immunological memory formation process",4,0.909112841909468,2.00311973689606,0.000433274379908347,0.0148730900563876,0.0136487196198969,3,"tags=50%, list=0%, signal=50%","HLA-DRB1/HLA-DRA"
"GO:0043379","BP","GO:0043379","memory T cell differentiation",3,0.940313170768492,1.87135606996341,0.000437859251422618,0.0148730900563876,0.0136487196198969,3,"tags=67%, list=0%, signal=67%","HLA-DRB1/HLA-DRA"
"GO:0043380","BP","GO:0043380","regulation of memory T cell differentiation",3,0.940313170768492,1.87135606996341,0.000437859251422618,0.0148730900563876,0.0136487196198969,3,"tags=67%, list=0%, signal=67%","HLA-DRB1/HLA-DRA"
"GO:0043382","BP","GO:0043382","positive regulation of memory T cell differentiation",3,0.940313170768492,1.87135606996341,0.000437859251422618,0.0148730900563876,0.0136487196198969,3,"tags=67%, list=0%, signal=67%","HLA-DRB1/HLA-DRA"
"GO:0001816","BP","GO:0001816","cytokine production",92,0.370957165663085,2.03353236705157,0.000456152714718184,0.0153951541217387,0.0141278067513932,148,"tags=27%, list=12%, signal=26%","HLA-DRB1/FCGR3A/CD74/CX3CR1/HLA-DPA1/CD160/HLA-DPB1/IFNG/LILRB1/GPR56/CCL3/TIGIT/CD244/BATF/PYCARD/RFTN1/FGR/NCKAP1L/SPON2/GBP1/DBI/SLAMF6/CRTAM/IL12RB1/CD81"
"GO:0050870","BP","GO:0050870","positive regulation of T cell activation",45,0.478321933989646,2.20760670181513,0.000483250625278335,0.0162058251088563,0.014871742340111,36,"tags=33%, list=3%, signal=34%","HLA-DRB1/HLA-DRB5/HLA-DRA/HLA-DQA1/HLA-DQB1/HLA-DMA/HLA-DMB/HLA-DQA2/CD74/HLA-DPA1/CD160/HLA-DPB1/IFNG/LILRB1/LGALS1"
"GO:0002711","BP","GO:0002711","positive regulation of T cell mediated immunity",11,0.729029035589572,2.20924026906737,0.000531393302574002,0.0177075046712159,0.0162498018575261,161,"tags=55%, list=13%, signal=48%","HLA-DRB1/HLA-DRA/HLA-DPB1/IL12RB1/CD81/TBX21"
"GO:0022409","BP","GO:0022409","positive regulation of cell-cell adhesion",51,0.46038046539775,2.22903803316977,0.000534828221221799,0.0177098778914011,0.0162519797114072,36,"tags=29%, list=3%, signal=30%","HLA-DRB1/HLA-DRB5/HLA-DRA/HLA-DQA1/HLA-DQB1/HLA-DMA/HLA-DMB/HLA-DQA2/CD74/HLA-DPA1/CD160/HLA-DPB1/IFNG/LILRB1/LGALS1"
"GO:0051250","BP","GO:0051250","negative regulation of lymphocyte activation",16,0.637124317705961,2.17691020830395,0.000546820805632413,0.0179938221353416,0.0165125493279788,161,"tags=50%, list=13%, signal=44%","HLA-DRB1/CD74/LILRB1/ASCL2/TIGIT/FGR/CRTAM/TBX21"
"GO:0002323","BP","GO:0002323","natural killer cell activation involved in immune response",6,0.826766360073865,2.07258946648284,0.000559779639250402,0.0180812257708796,0.0165927577924401,164,"tags=83%, list=13%, signal=72%","FCGR3A/KLRC2/NKG7/CD244/CORO1A"
"GO:0044419","BP","GO:0044419","biological process involved in interspecies interaction between organisms",182,0.289903555423011,1.79929886716861,0.000556783442614036,0.0180812257708796,0.0165927577924401,167,"tags=29%, list=14%, signal=29%","HLA-DRB1/FCGR3A/CD74/GZMB/CX3CR1/HLA-DPA1/CD160/RGS1/GZMH/HLA-DPB1/IFNG/KLRC2/LILRB1/COTL1/LGALS1/CCL3/PRF1/POP4/NKG7/CCL4/APOBEC3G/GZMA/XCL2/CD244/BATF/PYCARD/RFTN1/FGR/LAP3/BAK1/SH2D1A/BPGM/UBE2L6/SPON2/HIST1H2BK/PMAIP1/ACTG1/GBP1/DBI/IFI35/SLAMF6/ITGB7/CRTAM/IL12RB1/PRDX3/CD81/LYST/EIF4E2/CHMP1A/TBX21/CORO1A/SLAMF7"
"GO:0009605","BP","GO:0009605","response to external stimulus",242,0.263983087219631,1.72206229618041,0.000556974440034046,0.0180812257708796,0.0165927577924401,177,"tags=28%, list=15%, signal=30%","HLA-DRB1/FCGR3A/CD74/GZMB/CX3CR1/HLA-DPA1/CD160/RGS1/HLA-DPB1/IFNG/KLRC2/LILRB1/COTL1/LGALS1/CCL3/PROK2/PRF1/POP4/NKG7/CCL4/AOAH/APOBEC3G/GZMA/XCL2/CMC1/CD244/BATF/PYCARD/PDGFD/RFTN1/ZEB2/FGR/ADA/NCKAP1L/LAP3/GPI/BAK1/SH2D1A/CAT/BPGM/UBE2L6/SPON2/HIST1H2BK/GAR1/PMAIP1/ACTG1/GBP1/CTSC/DBI/IFI35/ITGB2/SLAMF6/CRTAM/IL12RB1/PRDX3/CD81/LYST/G6PD/EIF4E2/TBX21/GLUL/CORO1A/FLNA/SLAMF7/PPP1CA/UCP2/RIOK3"
"GO:0045657","BP","GO:0045657","positive regulation of monocyte differentiation",3,0.936496063115301,1.86375948640108,0.000566732867212622,0.018194198450454,0.0166964304268674,13,"tags=67%, list=1%, signal=66%","HLA-DRB1/CD74"
"GO:0045055","BP","GO:0045055","regulated exocytosis",21,0.597778231967342,2.23886476164004,0.000574862232111164,0.0182856183686441,0.0167803245488232,164,"tags=48%, list=13%, signal=42%","FCGR3A/KLRC2/CCL3/NKG7/FGR/NCKAP1L/SYNGR1/PLEK/ITGB2/CORO1A"
"GO:0032940","BP","GO:0032940","secretion by cell",59,0.428127218190588,2.163092495256,0.000579999670952245,0.0182856183686441,0.0167803245488232,133,"tags=27%, list=11%, signal=25%","HLA-DRB1/FCGR3A/IFNG/KLRC2/LILRB1/CCL3/PRF1/NKG7/PDZD11/FGR/NCKAP1L/SYNGR1/DYNLL1/PLEK/DBI/ITGB2"
"GO:0065003","BP","GO:0065003","protein-containing complex assembly",189,0.285630921023583,1.78448153511417,0.000579433330709582,0.0182856183686441,0.0167803245488232,39,"tags=7%, list=3%, signal=8%","HLA-DRB1/HLA-DRB5/HLA-DRA/HLA-DQA1/HLA-DQB1/HLA-DMA/HLA-DMB/HLA-DQA2/CD74/HLA-DPA1/HLA-DPB1/IFNG/COTL1/PRF1"
"GO:0140507","BP","GO:0140507","granzyme-mediated programmed cell death signaling pathway",5,0.866628067700557,2.05772070953113,0.000600442857409932,0.018817450263472,0.0172683754104736,57,"tags=80%, list=5%, signal=77%","GZMB/PRF1/NKG7/GZMA"
"GO:0032103","BP","GO:0032103","positive regulation of response to external stimulus",67,0.396143793566728,2.0363210422296,0.000613199379371936,0.0191035191265872,0.0175308947450463,242,"tags=43%, list=20%, signal=37%","CD74/CX3CR1/CD160/IFNG/KLRC2/LGALS1/CCL3/POP4/NKG7/CCL4/XCL2/PYCARD/PDGFD/RFTN1/NCKAP1L/LAP3/SH2D1A/CTSC/IFI35/SLAMF6/CRTAM/CD81/FLNA/RIOK3/SLC15A4/NMI/CCL5/KLRD1/IKBKE"
"GO:0005789","CC","GO:0005789","endoplasmic reticulum membrane",104,0.359475918684419,2.02272731057947,0.000631122787348235,0.0195462439728733,0.017937173956213,22,"tags=9%, list=2%, signal=9%","HLA-DRB1/HLA-DRB5/HLA-DRA/HLA-DQA1/HLA-DQB1/HLA-DQA2/CD74/HLA-DPA1/HLA-DPB1"
"GO:0043299","BP","GO:0043299","leukocyte degranulation",13,0.70281196869818,2.23892840320475,0.00065097346845029,0.0199673056492429,0.0183235733353376,164,"tags=62%, list=13%, signal=54%","FCGR3A/KLRC2/CCL3/NKG7/FGR/NCKAP1L/ITGB2/CORO1A"
"GO:0030101","BP","GO:0030101","natural killer cell activation",12,0.697268891507511,2.18194502769485,0.000652303242482389,0.0199673056492429,0.0183235733353376,167,"tags=67%, list=14%, signal=58%","FCGR3A/KLRC2/TOX/NKG7/CD244/FGR/CORO1A/SLAMF7"
"GO:0098552","CC","GO:0098552","side of membrane",80,0.385370399500491,2.0499593672418,0.000659866381727043,0.0200820606924444,0.0184288816071015,63,"tags=22%, list=5%, signal=23%","HLA-DRB1/HLA-DRB5/HLA-DRA/HLA-DQA1/HLA-DQB1/HLA-DQA2/FCGR3A/CD74/CX3CR1/HLA-DPA1/CD160/RGS1/HLA-DPB1/KLRC2/LILRB1/FCRL6/CMC1/CD244"
"GO:0050868","BP","GO:0050868","negative regulation of T cell activation",13,0.697834333382136,2.22307128979997,0.000800835520610732,0.0240937086629457,0.0221102859525008,44,"tags=38%, list=4%, signal=37%","HLA-DRB1/CD74/LILRB1/ASCL2/TIGIT"
"GO:1903038","BP","GO:1903038","negative regulation of leukocyte cell-cell adhesion",13,0.697834333382136,2.22307128979997,0.000800835520610732,0.0240937086629457,0.0221102859525008,44,"tags=38%, list=4%, signal=37%","HLA-DRB1/CD74/LILRB1/ASCL2/TIGIT"
"GO:0032609","BP","GO:0032609","type II interferon production",20,0.603222763644679,2.23425711194703,0.000902220003420574,0.0268372221356459,0.0246279501379746,143,"tags=50%, list=12%, signal=45%","HLA-DRB1/HLA-DPA1/CD160/HLA-DPB1/LILRB1/CD244/PYCARD/SLAMF6/CRTAM/IL12RB1"
"GO:0032649","BP","GO:0032649","regulation of type II interferon production",20,0.603222763644679,2.23425711194703,0.000902220003420574,0.0268372221356459,0.0246279501379746,143,"tags=50%, list=12%, signal=45%","HLA-DRB1/HLA-DPA1/CD160/HLA-DPB1/LILRB1/CD244/PYCARD/SLAMF6/CRTAM/IL12RB1"
"GO:0051046","BP","GO:0051046","regulation of secretion",46,0.447135229763006,2.08585299479111,0.000911397400116706,0.026957906245025,0.0247386993881471,133,"tags=26%, list=11%, signal=24%","HLA-DRB1/CD74/IFNG/KLRC2/LILRB1/CES1/FGR/ADA/NCKAP1L/DYNLL1/DBI/ITGB2"
"GO:0030246","MF","GO:0030246","carbohydrate binding",23,0.572018361673613,2.21245882848784,0.000931569173559933,0.0274006240156036,0.025144972106087,85,"tags=30%, list=7%, signal=29%","HLA-DRB1/HLA-DRA/CHI3L2/KLRC2/LGALS1/TMEM2/GPI"
"GO:0032729","BP","GO:0032729","positive regulation of type II interferon production",15,0.64299007562749,2.14428764588195,0.000996533176868174,0.0291485954233941,0.0267490484317247,143,"tags=60%, list=12%, signal=54%","HLA-DPA1/CD160/HLA-DPB1/LILRB1/CD244/PYCARD/SLAMF6/CRTAM/IL12RB1"
"GO:0048524","BP","GO:0048524","positive regulation of viral process",7,0.801528432829732,2.14456521325725,0.00102174504238484,0.0297209262329072,0.0272742642893076,36,"tags=43%, list=3%, signal=42%","HLA-DRB1/CD74/LGALS1"
"GO:0002821","BP","GO:0002821","positive regulation of adaptive immune response",17,0.629484666927623,2.18235426449109,0.00107024147922823,0.0309605570776737,0.0284118472507667,161,"tags=47%, list=13%, signal=41%","HLA-DRB1/HLA-DRA/HLA-DPB1/PYCARD/ADA/IL12RB1/CD81/TBX21"
"GO:0001817","BP","GO:0001817","regulation of cytokine production",91,0.359178696700751,1.9682890940189,0.00108318341553909,0.0311637195782148,0.0285982851729907,148,"tags=26%, list=12%, signal=25%","HLA-DRB1/FCGR3A/CD74/CX3CR1/HLA-DPA1/CD160/HLA-DPB1/IFNG/LILRB1/CCL3/TIGIT/CD244/BATF/PYCARD/RFTN1/FGR/NCKAP1L/SPON2/GBP1/DBI/SLAMF6/CRTAM/IL12RB1/CD81"
"GO:0046456","BP","GO:0046456","icosanoid biosynthetic process",4,0.891044654713465,1.96330868076113,0.00110202108085811,0.031533374949554,0.0289375100751643,65,"tags=75%, list=5%, signal=71%","CD74/FABP5/PYCARD"
"GO:0031640","BP","GO:0031640","killing of cells of another organism",13,0.685322042954252,2.18321123664802,0.00112012409656009,0.0317067385397251,0.0290966021687086,121,"tags=62%, list=10%, signal=56%","GZMB/GZMH/IFNG/PRF1/NKG7/GZMA/HIST1H2BK/GBP1"
"GO:0141061","BP","GO:0141061","disruption of cell in another organism",13,0.685322042954252,2.18321123664802,0.00112012409656009,0.0317067385397251,0.0290966021687086,121,"tags=62%, list=10%, signal=56%","GZMB/GZMH/IFNG/PRF1/NKG7/GZMA/HIST1H2BK/GBP1"
"GO:0046632","BP","GO:0046632","alpha-beta T cell differentiation",28,0.537376126156186,2.17272933031779,0.00117610484287094,0.0331133261909919,0.0303873978540816,161,"tags=39%, list=13%, signal=35%","HLA-DRB1/HLA-DRA/IFNG/ASCL2/TOX/BATF/ADA/NCKAP1L/SLAMF6/IL12RB1/TBX21"
"GO:0032814","BP","GO:0032814","regulation of natural killer cell activation",5,0.851256582488706,2.02122267232747,0.00118810591269615,0.0332732852677938,0.0305341889097163,77,"tags=80%, list=6%, signal=75%","FCGR3A/KLRC2/TOX/FGR"
"GO:0141060","BP","GO:0141060","disruption of anatomical structure in another organism",14,0.668697915766682,2.18674025166026,0.00121793283937471,0.0339206158334226,0.0311282304544229,121,"tags=57%, list=10%, signal=52%","GZMB/GZMH/IFNG/PRF1/NKG7/GZMA/HIST1H2BK/GBP1"
"GO:0032946","BP","GO:0032946","positive regulation of mononuclear cell proliferation",21,0.580244249748358,2.17319456352642,0.00123054845663509,0.0339206158334226,0.0311282304544229,164,"tags=52%, list=13%, signal=46%","HLA-DMB/FCGR3A/CD74/HLA-DPA1/HLA-DPB1/PYCARD/ADA/NCKAP1L/IL12RB1/CD81/CORO1A"
"GO:0050671","BP","GO:0050671","positive regulation of lymphocyte proliferation",21,0.580244249748358,2.17319456352642,0.00123054845663509,0.0339206158334226,0.0311282304544229,164,"tags=52%, list=13%, signal=46%","HLA-DMB/FCGR3A/CD74/HLA-DPA1/HLA-DPB1/PYCARD/ADA/NCKAP1L/IL12RB1/CD81/CORO1A"
"GO:0006952","BP","GO:0006952","defense response",177,0.28867663582175,1.78655452966818,0.0013273849997107,0.0363993855389417,0.0334029448940356,152,"tags=28%, list=12%, signal=28%","HLA-DRB1/FCGR3A/CD74/GZMB/CX3CR1/HLA-DPA1/CD160/HLA-DPB1/IFNG/KLRC2/LILRB1/COTL1/LGALS1/CCL3/PROK2/PRF1/TSPAN2/POP4/NKG7/ABI3/CCL4/AOAH/APOBEC3G/XCL2/CD244/BATF/PYCARD/RFTN1/ZEB2/FGR/ADA/LAP3/SH2D1A/BPGM/UBE2L6/SPON2/HIST1H2BK/PMAIP1/ACTG1/GBP1/CTSC/IFI35/ITGB2/SLAMF6/CRTAM/IL12RB1/CD81/LYST/EIF4E2"
"GO:0001516","BP","GO:0001516","prostaglandin biosynthetic process",3,0.920284123990716,1.83149543690162,0.00136131463686872,0.0369449565108959,0.033903603815667,14,"tags=67%, list=1%, signal=66%","CD74/FABP5"
"GO:0046457","BP","GO:0046457","prostanoid biosynthetic process",3,0.920284123990716,1.83149543690162,0.00136131463686872,0.0369449565108959,0.033903603815667,14,"tags=67%, list=1%, signal=66%","CD74/FABP5"
"GO:0070232","BP","GO:0070232","regulation of T cell apoptotic process",9,-0.855247299505426,-2.46597557161385,0.00138607597110016,0.037044111613413,0.0339945963523898,27,"tags=22%, list=2%, signal=22%","BCL2/IL7R"
"GO:0002695","BP","GO:0002695","negative regulation of leukocyte activation",18,0.598274453213484,2.12691301006432,0.00138367709496923,0.037044111613413,0.0339945963523898,161,"tags=44%, list=13%, signal=39%","HLA-DRB1/CD74/LILRB1/ASCL2/TIGIT/FGR/CRTAM/TBX21"
"GO:0050896","BP","GO:0050896","response to stimulus",624,0.207931611331518,1.49597428558672,0.00138294294795875,0.037044111613413,0.0339945963523898,180,"tags=19%, list=15%, signal=33%","HLA-DRB1/HLA-DRB5/HLA-DRA/HLA-DQA1/HLA-DQB1/PDLIM1/HLA-DMA/HLA-DMB/HLA-DQA2/FCGR3A/CD74/FABP5/GZMB/CX3CR1/HLA-DPA1/CD160/RGS1/HLA-DPB1/IFNG/KLRC2/PTTG1/LILRB1/COTL1/GPR56/ASCL2/CES1/LGALS1/CCL3/PROK2/PRF1/TSPAN2/TESC/FCRL6/POP4/NKG7/ABI3/CCL4/AOAH/APOBEC3G/GZMA/XCL2/CMC1/USP28/CLIC3/CD244/BATF/PYCARD/MT1E/PDGFD/RFTN1/ZEB2/FGR/PSMB2/ADA/NCKAP1L/MTSS1/LAP3/GPI/BAK1/CLIC1/SH2D1A/CAT/TFPT/SYNGR1/BPGM/ANKRD32/ANXA5/DYNLL1/PLEKHF1/PRR5L/S1PR5/UBE2L6/PSMB10/SPON2/HIST1H2BK/GAR1/PMAIP1/ACAA2/MPST/ACTG1/GBP1/PLEK/MT1F/PTPN12/CTSC/DBI/IFI35/CD8A/ITGB2/ACTB/SLAMF6/ITGB7/CRTAM/IL12RB1/PRDX3/SRRT/C19orf12/CD81/LYST/G6PD/EIF4E2/CHMP1A/TBX21/GLUL/CORO1A/STIP1/FLNA/SLAMF7/ACTN4/TWF2/PPP1CA/UCP2/HSPB11/MAST3/RIOK3/TXNDC17/NDUFA12"
"GO:0002287","BP","GO:0002287","alpha-beta T cell activation involved in immune response",18,0.596343732535795,2.12004914531776,0.00145897811825767,0.0383628760680408,0.0352047985509686,161,"tags=44%, list=13%, signal=39%","HLA-DRB1/HLA-DRA/IFNG/ASCL2/BATF/SLAMF6/IL12RB1/TBX21"
"GO:0002292","BP","GO:0002292","T cell differentiation involved in immune response",18,0.596343732535795,2.12004914531776,0.00145897811825767,0.0383628760680408,0.0352047985509686,161,"tags=44%, list=13%, signal=39%","HLA-DRB1/HLA-DRA/IFNG/ASCL2/BATF/SLAMF6/IL12RB1/TBX21"
"GO:0002293","BP","GO:0002293","alpha-beta T cell differentiation involved in immune response",18,0.596343732535795,2.12004914531776,0.00145897811825767,0.0383628760680408,0.0352047985509686,161,"tags=44%, list=13%, signal=39%","HLA-DRB1/HLA-DRA/IFNG/ASCL2/BATF/SLAMF6/IL12RB1/TBX21"
"GO:0031984","CC","GO:0031984","organelle subcompartment",126,0.313006205493467,1.84162634134913,0.0014645656390648,0.0383628760680408,0.0352047985509686,22,"tags=7%, list=2%, signal=8%","HLA-DRB1/HLA-DRB5/HLA-DRA/HLA-DQA1/HLA-DQB1/HLA-DQA2/CD74/HLA-DPA1/HLA-DPB1"
"GO:0032101","BP","GO:0032101","regulation of response to external stimulus",115,0.322494288203861,1.86158361704186,0.00148875112668239,0.0388033400098157,0.0356090029779685,152,"tags=26%, list=12%, signal=25%","HLA-DRB1/CD74/CX3CR1/CD160/IFNG/KLRC2/LILRB1/LGALS1/CCL3/POP4/NKG7/CCL4/AOAH/APOBEC3G/XCL2/PYCARD/PDGFD/RFTN1/FGR/ADA/NCKAP1L/LAP3/SH2D1A/CTSC/IFI35/SLAMF6/CRTAM/IL12RB1/CD81/EIF4E2"
"GO:0050866","BP","GO:0050866","negative regulation of cell activation",19,0.582713920323465,2.13254783260571,0.00152492314131385,0.0395503464976226,0.036294515004566,77,"tags=32%, list=6%, signal=30%","HLA-DRB1/CD74/LILRB1/ASCL2/TIGIT/FGR"
"GO:0046718","BP","GO:0046718","symbiont entry into host cell",12,0.67230485448698,2.10382572951367,0.00155279876122556,0.0398804169651344,0.0365974136792056,148,"tags=50%, list=12%, signal=44%","HLA-DRB1/CD74/LGALS1/LAP3/ITGB7/CD81"
"GO:0002443","BP","GO:0002443","leukocyte mediated immunity",61,0.400233210077914,2.01616297392086,0.00155164689889273,0.0398804169651344,0.0365974136792056,167,"tags=49%, list=14%, signal=45%","HLA-DRB1/HLA-DRA/FCGR3A/CD74/GZMB/CX3CR1/CD160/HLA-DPB1/KLRC2/LILRB1/CCL3/PRF1/NKG7/BATF/RFTN1/FGR/NCKAP1L/SH2D1A/SPON2/CTSC/CD8A/ITGB2/SLAMF6/CRTAM/IL12RB1/CD81/LYST/TBX21/CORO1A/SLAMF7"
"GO:0012506","CC","GO:0012506","vesicle membrane",137,0.30164817956294,1.8014248659648,0.00166462868601337,0.0425450001546621,0.0390426452161541,22,"tags=9%, list=2%, signal=10%","HLA-DRB1/HLA-DRB5/HLA-DRA/HLA-DQA1/HLA-DQB1/HLA-DMA/HLA-DMB/HLA-DQA2/FCGR3A/CD74/FABP5/HLA-DPA1/HLA-DPB1"
"GO:0022408","BP","GO:0022408","negative regulation of cell-cell adhesion",16,0.603337622786621,2.06146868609116,0.00175657575090094,0.0442702555883814,0.0406258755736833,44,"tags=31%, list=4%, signal=31%","HLA-DRB1/CD74/LILRB1/ASCL2/TIGIT"
"GO:0061081","BP","GO:0061081","positive regulation of myeloid leukocyte cytokine production involved in immune response",6,0.788280099490165,1.97610970854619,0.00175735677454353,0.0442702555883814,0.0406258755736833,111,"tags=67%, list=9%, signal=61%","CD74/LILRB1/PYCARD/SPON2"
"GO:0030659","CC","GO:0030659","cytoplasmic vesicle membrane",135,0.304237074498528,1.81986519288267,0.00174937568884002,0.0442702555883814,0.0406258755736833,22,"tags=10%, list=2%, signal=11%","HLA-DRB1/HLA-DRB5/HLA-DRA/HLA-DQA1/HLA-DQB1/HLA-DMA/HLA-DMB/HLA-DQA2/FCGR3A/CD74/FABP5/HLA-DPA1/HLA-DPB1"
"GO:0051701","BP","GO:0051701","biological process involved in interaction with host",19,0.577942927304279,2.11508751379817,0.00182066248441253,0.0456466094306285,0.0418889263331004,153,"tags=37%, list=13%, signal=33%","HLA-DRB1/CD74/LGALS1/LAP3/ITGB7/CD81/CHMP1A"
"GO:0032394","MF","GO:0032394","MHC class Ib receptor activity",4,0.876334757165789,1.93089720800756,0.0019171284063221,0.047837350991876,0.0438993234473356,27,"tags=75%, list=2%, signal=74%","CD160/KLRC2/LILRB1"
"GO:0048583","BP","GO:0048583","regulation of response to stimulus",340,0.232636208998474,1.57414778925636,0.0019742954202623,0.0490314405079294,0.0449951140963454,152,"tags=19%, list=12%, signal=22%","HLA-DRB1/HLA-DRB5/HLA-DRA/HLA-DQA1/HLA-DQB1/HLA-DMA/HLA-DMB/HLA-DQA2/FCGR3A/CD74/FABP5/CX3CR1/HLA-DPA1/CD160/RGS1/HLA-DPB1/IFNG/KLRC2/LILRB1/GPR56/ASCL2/LGALS1/CCL3/POP4/NKG7/CCL4/AOAH/APOBEC3G/XCL2/CMC1/BATF/PYCARD/PDGFD/RFTN1/ZEB2/FGR/ADA/NCKAP1L/LAP3/BAK1/SH2D1A/CAT/TFPT/ANKRD32/PLEKHF1/PRR5L/PMAIP1/ACAA2/ACTG1/GBP1/PLEK/PTPN12/CTSC/IFI35/CD8A/ITGB2/ACTB/SLAMF6/CRTAM/IL12RB1/CD81/G6PD/EIF4E2"
